epoch,learning_rate,train_loss,train_token_accuracy,train_sequence_accuracy,train_arabic_to_arabizi_sequence_accuracy,train_arabizi_to_arabic_sequence_accuracy,val_loss,val_token_accuracy,val_sequence_accuracy,val_arabic_to_arabizi_sequence_accuracy,val_arabizi_to_arabic_sequence_accuracy
1,0.0002999259840548597,2.3379209428683922,0.36936302495345014,0.0014634482283667918,0.00041320891153885886,0.0025136875451947246,1.4921733672953834,0.5285505124450952,0.01046831955922865,0.003581267217630854,0.017355371900826446
2,0.0002997040092642407,1.4415870622918485,0.5365003179291531,0.023707861299542027,0.00767879893943046,0.039736923659653596,1.115795758637515,0.6204245973645681,0.05537190082644628,0.023415977961432508,0.08732782369146005
3,0.000299334294690462,1.2243323542519151,0.5896981838154689,0.048930821941393206,0.018318928411556076,0.07954271547123033,0.9791641651106274,0.6586200585651537,0.09696969696969697,0.03691460055096419,0.15702479338842976
4,0.0002988172051971717,1.1262324414532858,0.6163107911308022,0.06544196136496677,0.024689232464446816,0.10619469026548672,0.904156636567812,0.6829428989751098,0.12038567493112948,0.05702479338842975,0.1837465564738292
5,0.00029815325108927063,1.0632947196046214,0.6343267764718752,0.0795771495471919,0.033194449226955,0.1259598498674288,0.8671558836603296,0.6960651537335285,0.13870523415977962,0.06639118457300275,0.21101928374655649
6,0.00029734308760930326,1.021272129310745,0.6472331047434118,0.08889156709479701,0.03856616507696016,0.13921696911263387,0.8376361404240296,0.7067166910688141,0.1522038567493113,0.07878787878787878,0.2256198347107438
7,0.00029638751429081204,0.9863728204052137,0.6573475820291401,0.09663923418615061,0.043559106091388036,0.1497193622809132,0.7904899836571748,0.7261896046852123,0.18677685950413223,0.1,0.2735537190082645
8,0.0002952874741692946,0.9565845927457861,0.6675030824313946,0.10752040219000723,0.04944733308081677,0.1655934712991977,0.7675197580957545,0.7302525622254759,0.18691460055096418,0.10633608815426997,0.26749311294765843
9,0.00029404405285154137,0.931565836414211,0.67558007826299,0.11571571226886126,0.057367170551978236,0.1740642539857443,0.7609230042817507,0.7332174231332357,0.19228650137741046,0.10275482093663912,0.2818181818181818
10,0.0002926584774442729,0.9098314395403551,0.6828115420817409,0.12344616232223408,0.0608105781481354,0.18608174649633277,0.7331636801238888,0.7424780380673499,0.20826446280991737,0.11542699724517906,0.30110192837465566
11,0.00029113211534313374,0.888292828750965,0.6896510072314638,0.1345855858958025,0.06749078888468028,0.2016803829069247,0.7111196290034565,0.7537701317715959,0.22796143250688705,0.1256198347107438,0.3303030303030303
12,0.0002894664728832376,0.8669959906006207,0.6972197722305408,0.1417134396198478,0.0718294824558383,0.2115973967838573,0.693268485240043,0.755783308931186,0.2325068870523416,0.12920110192837467,0.33581267217630856
13,0.0002876631938525971,0.852506316269295,0.7021516624617973,0.14854860369821976,0.07785544574911332,0.2192417616473262,0.6717585664150143,0.7657576866764275,0.2611570247933884,0.1581267217630854,0.36418732782369145
14,0.0002857240578699029,0.8353630143282298,0.7067849955672244,0.15695051823284323,0.08133328742123205,0.2325677490444544,0.6585408420930552,0.7709370424597365,0.2676308539944904,0.15922865013774104,0.3760330578512397
15,0.00028365097862825513,0.8188230729740162,0.7131868808073349,0.1654557349953514,0.09083709238662581,0.240074377604077,0.6379488907569696,0.7799414348462664,0.28994490358126723,0.18429752066115704,0.3955922865013774
16,0.0002814460020065795,0.799958803236581,0.7206918320695934,0.17394373471987878,0.09552012671739954,0.25236734272235806,0.6272856331068623,0.7829428989751098,0.28732782369146004,0.1765840220385675,0.39807162534435264
17,0.0002791113040505915,0.7861367600039096,0.7248306087146774,0.18329258634344547,0.10230363968182914,0.2642815330050618,0.6123819959065145,0.7871156661786237,0.30633608815427,0.20771349862258953,0.4049586776859504
18,0.00027664918882530225,0.7708591043832138,0.7306308215790709,0.1933129024482628,0.10950036155779759,0.277125443338728,0.5972101352431557,0.7947108345534407,0.31831955922865013,0.20110192837465565,0.43553719008264463
19,0.00027406208614118424,0.7550680947666641,0.7359205245489167,0.20224854516029062,0.11487207740780277,0.2896250129127785,0.5908071642079629,0.7957174231332357,0.3265840220385675,0.21955922865013774,0.43360881542699725
20,0.0002713525491562421,0.7423283432901104,0.7403966023743268,0.21073654488481802,0.12303295341069523,0.2984401363589408,0.5737943197905853,0.8011346998535871,0.3298898071625344,0.22451790633608815,0.43526170798898073
21,0.00026852325185635354,0.7279290358273395,0.7449820751771401,0.21941393202713405,0.12974759822320167,0.3090802658310664,0.553773640633943,0.8093521229868228,0.3643250688705234,0.256198347107438,0.4724517906336088
22,0.0002655769864163684,0.7131864600226568,0.7508347064682059,0.23144864157570333,0.139767914328019,0.3231293688233876,0.5464400254990444,0.8125915080527086,0.36680440771349865,0.25261707988980714,0.4809917355371901
23,0.00026251666044456895,0.7003570472191305,0.7555888298611824,0.24002272649013465,0.1439000034434076,0.33614544953686165,0.5414536974646829,0.814915812591508,0.3699724517906336,0.26611570247933886,0.4738292011019284
24,0.0002593452941132118,0.6871251856540624,0.7601059308031187,0.24814916841706552,0.1535759787886092,0.34272235804552187,0.5249828178035326,0.8195827232796487,0.375068870523416,0.2650137741046832,0.48512396694214877
25,0.0002560660171779822,0.6735828933212236,0.7637934531664148,0.2560173547742846,0.15608966633380394,0.35594504321476533,0.5313363199720041,0.8145680819912152,0.36928374655647384,0.25730027548209367,0.481267217630854
26,0.00025268206588930335,0.6624409784352351,0.7680621363471649,0.2633345959161186,0.1653524327674667,0.3613167590647705,0.5030449460196429,0.8283491947291362,0.4044077134986226,0.2931129476584022,0.515702479338843
27,0.0002491967797985478,0.6516105934799483,0.7725815163511305,0.27352708240074375,0.1708963189972797,0.37615784580420786,0.49404141602437357,0.8302708638360176,0.4086776859504132,0.27823691460055094,0.5391184573002755
28,0.0002456135984623035,0.6375647829089676,0.7778347543285086,0.2836851348094074,0.17857511793671016,0.3887951516821046,0.4807071076608558,0.8340409956076135,0.41887052341597797,0.30413223140495865,0.5336088154269972
29,0.00024193605804794655,0.6262520145608071,0.7813126029851154,0.2944802176233601,0.19086808305499123,0.39809235219172895,0.479406239014355,0.833803074670571,0.42355371900826444,0.3055096418732782,0.5415977961432507
30,0.00023816778784387105,0.616448159713045,0.7848702188127454,0.30217623360077134,0.19479356771461037,0.40955889948693225,0.4718633994090656,0.8368777452415812,0.4287878787878788,0.318732782369146,0.5388429752066116
31,0.00023431250667781966,0.6057620298796369,0.7889520189070985,0.3107675355531834,0.20415963637615783,0.417375434730209,0.4599408984841066,0.8408674963396779,0.44049586776859506,0.31735537190082647,0.5636363636363636
32,0.00023037401924684952,0.5953051974501583,0.7922498216633962,0.31727557590992045,0.20884267070693158,0.4257084811129093,0.4498686091302183,0.8442898975109809,0.4479338842975207,0.33168044077134984,0.5641873278236914
33,0.00022635621236255572,0.5836710206522133,0.7964911560997956,0.3281395268757963,0.22089459729348163,0.43538445645811097,0.44438700357416117,0.846980234260615,0.4590909090909091,0.34793388429752065,0.5702479338842975
34,0.00022226305111525731,0.5742233578160727,0.7994721692340301,0.3355084191315726,0.22220309218002135,0.44881374608312385,0.4484947906381171,0.8464311859443631,0.44958677685950416,0.31763085399449037,0.5815426997245179
35,0.00021809857496093204,0.5660224449806546,0.8026423445166907,0.34590751007196724,0.23177576529733823,0.4600392548465962,0.43452527856367024,0.8503843338213762,0.45977961432506886,0.34517906336088156,0.5743801652892562
36,0.00021386689373476092,0.5583164260863256,0.8052268008578389,0.35165800075754966,0.2343583209944561,0.46895768052064324,0.4305544994094155,0.8516837481698389,0.4706611570247934,0.34628099173553717,0.5950413223140496
37,0.00020957218359521712,0.546813069062351,0.8094612981081506,0.35956062119073035,0.24458524155504288,0.47453600082641784,0.4231579870724481,0.85349560761347,0.4696969696969697,0.3537190082644628,0.5856749311294766
38,0.00020521868290270177,0.5403948550254516,0.8110931065210801,0.3648290348128508,0.24737440170793018,0.48228366791777144,0.40822790161637235,0.860688140556369,0.4960055096418733,0.37961432506887055,0.6123966942148761
39,0.00020081068803679377,0.5298061335322031,0.8153868593841519,0.3745566612719948,0.25381357391274406,0.4952997486312455,0.40521179818581615,0.861292093704246,0.4946280991735537,0.3790633608815427,0.6101928374655647
40,0.00019635254915624216,0.5250566147981295,0.8171029930921629,0.3782238903619021,0.2605282187252505,0.49591956199855375,0.402684939876404,0.8608162518301611,0.4914600550964187,0.3699724517906336,0.6129476584022039
41,0.00019184866590588444,0.516327862894973,0.8196737750611358,0.38609207671912127,0.26872352880410455,0.503460624634138,0.40805497125160595,0.8598645680819912,0.4818181818181818,0.36143250688705236,0.6022038567493113
42,0.00018730348307472821,0.5092850011786845,0.8219505580283378,0.3920319548224923,0.272063634172377,0.5120002754726077,0.3992268013395882,0.861822840409956,0.4922865013774105,0.3746556473829201,0.6099173553719008
43,0.00018272148620948142,0.501759749990222,0.8245486887416614,0.39721428325470887,0.274956096553149,0.5194724699562687,0.3905184472723769,0.8669289897510981,0.509641873278237,0.38898071625344355,0.6303030303030303
44,0.00017810719718785875,0.4967767518498731,0.8268550995152435,0.4037567576874075,0.28184291174546333,0.5256706036293516,0.3851344248315848,0.8663067349926794,0.5041322314049587,0.3741046831955923,0.634159779614325
45,0.00017346516975603468,0.4893907358801475,0.8287717906818269,0.40811266829654624,0.2862504734685445,0.529974863124548,0.3824731096420078,0.8691434846266471,0.5148760330578512,0.3785123966942149,0.6512396694214876
46,0.0001687999850346457,0.48204710824377695,0.8314610838763199,0.41555042870424574,0.29341276126855137,0.5376880961399401,0.3858088547861609,0.8666727672035139,0.5101928374655648,0.38236914600550964,0.6380165289256199
47,0.00016411624699777717,0.4746375512429856,0.8339042383716557,0.42035398230088494,0.2963740918012465,0.5443338728005234,0.3762504931816385,0.8708089311859444,0.5169421487603306,0.39614325068870526,0.6377410468319559
48,0.00015941857792939706,0.47133168900174294,0.8351622806117914,0.4239351262008884,0.3015392031954823,0.5463310492062945,0.3733331405098445,0.8718155197657393,0.5144628099173554,0.3884297520661157,0.640495867768595
49,0.00015471161386171927,0.46466648540468586,0.8374367845169642,0.43101132881099136,0.3069109190454874,0.5551117385764953,0.367241277477958,0.8743228404099561,0.5205234159779615,0.4,0.6410468319559228
50,0.00015000000000000001,0.45845078882310375,0.83952440533574,0.43454082159705243,0.309114699907028,0.5599669432870769,0.36969288273947953,0.8724011713030747,0.5148760330578512,0.39834710743801655,0.631404958677686
51,0.00014528838613828078,0.4542004633022075,0.8410012375306819,0.43743328397782444,0.31097414000895285,0.563892427946696,0.35907956964385085,0.876683748169839,0.5355371900826447,0.41074380165289254,0.6603305785123967
52,0.00014058142207060302,0.4494653870643924,0.8426421621917284,0.4420818842326366,0.31741331221376673,0.5667504562515064,0.35622072996515214,0.8773243045387994,0.5349862258953169,0.41019283746556473,0.6597796143250688
53,0.00013588375300222289,0.44383496376610276,0.8445839230406333,0.44884818015908545,0.3256086222926208,0.5720877380255501,0.35744472725660675,0.877617130307467,0.5352617079889808,0.41652892561983473,0.6539944903581267
54,0.0001312000149653544,0.43985996166375185,0.845762198109746,0.4515684721600496,0.3287076891291622,0.5744292551909369,0.3494162604171711,0.8796303074670571,0.5385674931129476,0.4121212121212121,0.6650137741046832
55,0.0001265348302439654,0.43508654322810897,0.8472754952971555,0.45370338486966705,0.32736476016666094,0.5800420095726732,0.35550087680501385,0.8767935578330893,0.5290633608815427,0.4038567493112948,0.6542699724517906
56,0.00012189280281214134,0.4321309980064675,0.848699909065425,0.4582486828965945,0.33001618401570193,0.586481181777487,0.35028781337514725,0.879300878477306,0.5402203856749311,0.4115702479338843,0.668870523415978
57,0.00011727851379051869,0.4275224058716994,0.8503864149670561,0.4620536482903481,0.33635205399263113,0.5877552425880651,0.34418314605048206,0.8816434846266471,0.5410468319559228,0.41707988980716254,0.6650137741046832
58,0.0001126965169252718,0.4251961927453183,0.8504752983861962,0.462707895733618,0.33600771323301537,0.5894080782342206,0.3434346423168813,0.8818448023426062,0.5422865013774105,0.4184573002754821,0.6661157024793388
59,0.00010815133409411566,0.42085798086942233,0.8524147801730719,0.46566922626631313,0.33924451637340314,0.5920939361592231,0.3395759162659816,0.8827415812591508,0.5433884297520661,0.41818181818181815,0.6685950413223141
60,0.00010364745084375796,0.4173660386555254,0.8533788234114368,0.46840673530525806,0.340380840880135,0.5964326297303811,0.34337191476637996,0.8826683748169839,0.5409090909090909,0.4132231404958678,0.6685950413223141
61,9.918931196320633e-05,0.41416848306382337,0.8542813319750123,0.47271099480045453,0.34589029303398644,0.5995316965669226,0.33944280697622903,0.8836932650073206,0.5461432506887053,0.41680440771349864,0.6754820936639119
62,9.478131709729838e-05,0.40935193164212075,0.8562937437468235,0.4771874246754588,0.34888605764264313,0.6054887917082745,0.33228193601957695,0.8864751098096633,0.5556473829201102,0.4308539944903581,0.6804407713498623
63,9.042781640478292e-05,0.4063481413463452,0.8572828566675099,0.47956337591680726,0.35201955855514616,0.6071071932784684,0.33726176514441647,0.8848828696925329,0.55,0.4228650137741047,0.6771349862258953
64,8.613310626523913e-05,0.40489589677776155,0.8573922516449131,0.4800110189043077,0.3505388932887986,0.6094831445198168,0.3333507170526121,0.8865483162518302,0.5537190082644629,0.43388429752066116,0.6735537190082644
65,8.190142503906802e-05,0.4015715116024559,0.8588827582120303,0.482559140525464,0.35274267415033916,0.6123756069005888,0.33263193638199945,0.8855783308931185,0.5488980716253443,0.418732782369146,0.6790633608815427
66,7.773694888474271e-05,0.39860033514533244,0.8596006627512381,0.4832478220446954,0.35687476326572776,0.6096208808236631,0.3280064780850056,0.887975841874085,0.5571625344352618,0.4286501377410468,0.6856749311294766
67,7.364378763744433e-05,0.39563923590107153,0.8609544255966015,0.4900485520471058,0.36066251162150065,0.619434592472711,0.33197243371285684,0.8863836017569546,0.5494490358126721,0.42920110192837463,0.6696969696969697
68,6.96259807531505e-05,0.3926311880498914,0.8615082376697046,0.4890327468062395,0.36138562721669365,0.6166798663957853,0.3274676349865832,0.8876464128843338,0.5575757575757576,0.4286501377410468,0.6865013774104683
69,6.568749332218042e-05,0.39116773885175105,0.8624153043573387,0.49194242622499224,0.36369271030611894,0.6201921421438655,0.32290808487857997,0.8892203513909224,0.5617079889807163,0.4369146005509642,0.6865013774104683
70,6.183221215612908e-05,0.39018375995336396,0.8628574423910096,0.4939396026307634,0.3659309252436211,0.6219482800179057,0.32515115215758644,0.8883967789165447,0.5612947658402204,0.43333333333333335,0.6892561983471074
71,5.806394195205354e-05,0.386155584389577,0.8640926940108529,0.4954891360490341,0.3676181949657381,0.6233600771323301,0.322874204728229,0.8890373352855051,0.559228650137741,0.43140495867768597,0.6870523415977962
72,5.438640153769656e-05,0.3844602072699898,0.864676133890336,0.49559243827691885,0.3663097000791984,0.6248751764746393,0.32366325388926775,0.8889641288433382,0.5606060606060606,0.43333333333333335,0.6878787878787879
73,5.080322020145227e-05,0.3841856564295234,0.8651433416063286,0.49705588650528565,0.3688233876243931,0.6252883853861781,0.31815978546444706,0.8909224011713031,0.5622589531680441,0.43581267217630854,0.6887052341597796
74,4.731793411069671e-05,0.37985867948014235,0.8658247811530686,0.4981577769360559,0.36706724975035293,0.6292483041217589,0.3161629987321281,0.8914165446559297,0.5659779614325069,0.4380165289256198,0.693939393939394
75,4.39339828220179e-05,0.37966950220561896,0.8657404558579871,0.5002066044557695,0.37037292104266384,0.630040287868875,0.3150810361811609,0.8922767203513909,0.5681818181818182,0.4418732782369146,0.6944903581267218
76,4.065470588678832e-05,0.37800545040653377,0.8664013838464641,0.5004476429875004,0.37484935091766813,0.6260459350573327,0.3178397435458895,0.8910505124450951,0.565564738292011,0.4396694214876033,0.6914600550964187
77,3.7483339555431075e-05,0.37635552274089334,0.8668936612447781,0.5021004786336558,0.37378189456285943,0.6304190627044524,0.3181054068334175,0.8907210834553441,0.5647382920110193,0.4393939393939394,0.6900826446280992
78,3.442301358363164e-05,0.37491171950438656,0.8677688210640029,0.5067662959264488,0.3792569126407493,0.6342756792121483,0.31506741524727877,0.8923133235724744,0.5724517906336088,0.4465564738292011,0.6983471074380165
79,3.147674814364645e-05,0.37283395357866894,0.8686530971313446,0.5059570951413519,0.3776385110705554,0.6342756792121483,0.3150770872913445,0.8915446559297218,0.565564738292011,0.43553719008264463,0.6955922865013774
80,2.8647450843757908e-05,0.3722829520045584,0.8684137956182754,0.5088495575221239,0.38321683137633,0.6344822836679178,0.31567535009594333,0.892002196193265,0.5672176308539945,0.4396694214876033,0.6947658402203857
81,2.5937913858815748e-05,0.371003045126355,0.869179560460097,0.5080059226610654,0.38011776453978857,0.6358940807823422,0.3134935862926084,0.8922950219619327,0.5679063360881542,0.44049586776859506,0.6953168044077135
82,2.3350811174697777e-05,0.37092053459628277,0.869129421095454,0.5072655900278916,0.3789125718811336,0.6356186081746497,0.31318643332020313,0.8922950219619327,0.5707988980716253,0.44545454545454544,0.6961432506887052
83,2.088869594940844e-05,0.36863279236643315,0.8697584422155218,0.5105023931682793,0.37973898970421127,0.6412657966323474,0.3133354938145183,0.8925695461200586,0.5677685950413223,0.44269972451790635,0.6928374655647382
84,1.8553997993420465e-05,0.36896020614683395,0.8693892341667863,0.5088151234461623,0.377672945146517,0.6399573017458077,0.313494168825386,0.8923316251830161,0.5681818181818182,0.44077134986225897,0.6955922865013774
85,1.6349021371744834e-05,0.36741950036302046,0.8701777896289004,0.5095726731173169,0.3796356874763266,0.6395096587583072,0.31306552624242695,0.892404831625183,0.5644628099173554,0.43608815426997244,0.6928374655647382
86,1.4275942130097098e-05,0.3673027659520758,0.8703282077228296,0.5116387176750112,0.3807031438311353,0.6425742915188871,0.31183613601959115,0.8928806734992679,0.5692837465564738,0.4446280991735537,0.693939393939394
87,1.2336806147402864e-05,0.36520638175688147,0.8705675092358989,0.5134809407389552,0.38369890843979204,0.6432629730381185,0.3129810071845357,0.8929172767203514,0.5706611570247934,0.44517906336088153,0.6961432506887052
88,1.0533527116762298e-05,0.3656754585785428,0.8706586717170681,0.5106401294721257,0.3807031438311353,0.640577115113116,0.3119533369117532,0.8932467057101025,0.568870523415978,0.4399449035812672,0.6977961432506887
89,8.867884656866183e-06,0.36410688566938254,0.8705766254840158,0.5117936710168383,0.38280362246479116,0.6407837195688854,0.31061198416656044,0.8936127379209371,0.5706611570247934,0.44214876033057854,0.6991735537190082
90,7.341522555726971e-06,0.3654510352381752,0.8711190422469728,0.5141868392961675,0.38569608484556317,0.6426775937467718,0.311823530827672,0.8928806734992679,0.5692837465564738,0.44242424242424244,0.6961432506887052
91,5.955947148458557e-06,0.36446885238458193,0.8716774124441345,0.5136014600048208,0.3866258048965256,0.640577115113116,0.310360236584976,0.8937591508052709,0.5723140495867769,0.44545454545454544,0.6991735537190082
92,4.712525830705355e-06,0.36382165080871076,0.8714905293577375,0.5140318859543405,0.3845597603388313,0.6435040115698495,0.3110677510089454,0.8933382137628111,0.5695592286501377,0.44297520661157025,0.6961432506887052
93,3.612485709187901e-06,0.3641835192324829,0.8715999243351407,0.5142729244860714,0.384904101098447,0.6436417478736958,0.311311407883962,0.8933931185944363,0.5714876033057851,0.4446280991735537,0.6983471074380165
94,2.6569123906966916e-06,0.36195652478674933,0.8721377829740392,0.5138769326125133,0.382493715781137,0.6452601494438897,0.3113156978256446,0.8935761346998536,0.5713498622589531,0.44517906336088153,0.6975206611570248
95,1.8467489107293509e-06,0.3626458762655951,0.8717389471189237,0.5132226851692435,0.38690127750421816,0.6395440928342688,0.31049622964760487,0.893685944363104,0.5706611570247934,0.4440771349862259,0.6972451790633609
96,1.1827948028283352e-06,0.36373988295228665,0.8714814131096206,0.5146689163596295,0.388278640542681,0.6410591921765779,0.31008986752716305,0.8936493411420205,0.5702479338842975,0.4440771349862259,0.6964187327823691
97,6.657053095380005e-07,0.36242341197254135,0.8720899226714254,0.5159601942081884,0.38814090423883474,0.643779484177542,0.31025958051366254,0.8936127379209371,0.5696969696969697,0.44297520661157025,0.6964187327823691
98,2.9599073575926616e-07,0.36274749387669697,0.8721719689044777,0.5163045349678042,0.38672910712441033,0.645879962811198,0.3102053130953765,0.8936676427525623,0.5701101928374656,0.44380165289256196,0.6964187327823691
99,7.401594514025999e-08,0.3633001150034794,0.8715930871490529,0.5130332977514548,0.38366447436383044,0.6424021211390792,0.3103146184902874,0.8937225475841875,0.5706611570247934,0.4443526170798898,0.696969696969697
100,0.0,0.36394271976892534,0.8715087618539714,0.5137908474226094,0.383939946971523,0.6436417478736958,0.31031446439668164,0.8937042459736457,0.5706611570247934,0.4443526170798898,0.696969696969697
