direction,source,target,candidate_1,candidate_2,candidate_3,candidate_4,candidate_5,candidate_6,candidate_7,candidate_8,candidate_9,candidate_10
arabic_to_arabizi,وصية,wasiyye,wasiye,wasiyye,wisiye,wassiyye,suuye,sawwiyye,wassiye,suwwiyye,sooye,sawiyye
arabic_to_arabizi,ينتزع,yintizi3,yintizi3,yintazi3,yintaza3,,,,,,,
arabic_to_arabizi,انخفى,2inkhafa,2inkhafa,2inkhifa,2inkhifi,,,,,,,
arabic_to_arabizi,مرتبان,martabaan,murtabaan,mirtibaan,martabaan,mirtabaan,,,,,,
arabizi_to_arabic,faqqiq,فقق,فقق,,,,,,,,,
arabic_to_arabizi,حابى,7aaba,7aaba,7aabi,,,,,,,,
arabizi_to_arabic,mafluuj,مفلوج,مفلوج,ملفوج,مفلجوج,مفلجو,مفلجوف,,,,,
arabic_to_arabizi,متحيز,muta7ayyiz,mit7azzi,mit7ayyiz,muta7zi,mta7ziiz,mta7zi,muta7iiz,,,,
arabic_to_arabizi,اجتهد,2ijtahid,2ijtahad,2ijtihid,2ijtahid,,,,,,,
arabizi_to_arabic,ma7aabis,محابس,محابس,محابث,محابص,,,,,,,
arabic_to_arabizi,اعطب,2i3tab,2i3tab,2i3tib,2u3tub,,,,,,,
arabizi_to_arabic,ghalla,غلى,غلى,غلا,غلال,,,,,,,
arabic_to_arabizi,لعية,la3ye,la3iyye,li3ye,la3iye,la3ye,la33iyye,li3iye,la3liyye,la33iye,la3liye,li3iyye
arabic_to_arabizi,هجم,hajam,hajjam,hajjim,hijim,hadjam,hadjjam,hajam,hadjjim,hajdjam,hadjdjam,hajdjim
arabic_to_arabizi,يتدافش,yiddaafash,yiddaafash,,,,,,,,,
arabic_to_arabizi,ضارب,darib,daarib,,,,,,,,,
arabizi_to_arabic,yidmul,يدمل,يدمل,,,,,,,,,
arabic_to_arabizi,بذور,buzuur,bazwar,bazwir,badhwir,bzuur,boodhir,badhwar,buzuur,budhuur,boodhar,bzoor
arabizi_to_arabic,yitjawwal,يتجول,يتجول,,,,,,,,,
arabic_to_arabizi,مندمج,mindimij,mundajim,mindimij,mindijim,mnajdim,mundijim,mundimij,mandajim,mundajam,mandim,mundajjim
arabizi_to_arabic,tlabbas,تلبس,تلبس,تلبص,,,,,,,,
arabic_to_arabizi,انفتل,2infitil,2infitil,2infatal,2infatil,,,,,,,
arabizi_to_arabic,hallas,هلس,هلص,هلس,,,,,,,,
arabic_to_arabizi,معتم,m3attim,m3attam,m3attim,mu3tam,ma3tam,ma3tim,mu3tamm,mu3tatim,mu3tim,mu3tatam,mu3tammim
arabic_to_arabizi,يتسيج,yitsayyaj,yitsayyaj,yitsajji,yitsajjayy,yitsajjay,,,,,,
arabic_to_arabizi,اتكلكع,2itkalka3,2itkalka3,,,,,,,,,
arabic_to_arabizi,انرفس,2inrafas,2inrifis,2inrafas,,,,,,,,
arabizi_to_arabic,3arqal,عرقل,عرقل,,,,,,,,,
arabic_to_arabizi,استقطب,2istaqtib,2istaqtib,2istaqtab,,,,,,,,
arabizi_to_arabic,siddaa7i middaa7i,سداحي مداحي,سداح ميديح,سداح حميدي,سداحي مديح,سداح مديحدي,صداح حداديم,سداح حداميدي,سداحي مداحيد,سداح حداميد,سداحة حمديدي,سداح حديميد
arabic_to_arabizi,امعط,2im3at,2im3at,,,,,,,,,
arabic_to_arabizi,ابعز,2ib3az,2ib3az,2ib3iz,,,,,,,,
arabic_to_arabizi,سمقة,samaga,samqa,samaqa,sumqa,simqa,samsaqa,sumuqa,samka,sumaqa,summuqa,simka
arabizi_to_arabic,ti3ib,تعب,طعب,تعب,,,,,,,,
arabic_to_arabizi,ضبضب,dabdib,dabdab,dabdib,,,,,,,,
arabizi_to_arabic,jarii2,جريئ,جريئ,جريق,,,,,,,,
arabic_to_arabizi,غطاء,ghitaa2,ghutaa2,ghataa2,ghuttaa2,ghattaa2,,,,,,
arabizi_to_arabic,3awaasif,عواصف,عواصف,عواسف,,,,,,,,
arabic_to_arabizi,عصب,3asab,3assab,3asab,3assib,3isib,,,,,,
arabic_to_arabizi,اندل,2indall,2indall,2indil,,,,,,,,
arabic_to_arabizi,كعب عالي,ka3ib 3aali,ka3ib 2il3i,ka3ab 2il3i,ku3b 2il3i,ku3b 2il3eel,ka3b 2il3i,ka3ib 2il3eel,ka3ab 2il3eel,ka3ib 2il3eek,ku3b 2il3eek,ka3b 2il3eel
arabic_to_arabizi,يشبرخ,yshabrikh,yshabrikh,,,,,,,,,
arabizi_to_arabic,y3arrid,يعرد,يعرض,يعرد,,,,,,,,
arabic_to_arabizi,غسل,ghassil,ghassal,ghasal,ghassil,ghisil,ghisal,,,,,
arabic_to_arabizi,شحتف,sha7tif,sha7tif,sha7taf,,,,,,,,
arabizi_to_arabic,y3anqir,يعنقر,يعنقر,,,,,,,,,
arabizi_to_arabic,madruuz,مدروز,مدروز,مضروز,,,,,,,,
arabic_to_arabizi,إكراه,2ikraah,2ikraah,2ikraha,2ikrahha,,,,,,,
arabic_to_arabizi,مندوب المبيعات,manduub 2ilmabii3aat,minduub 2il3amiit,minduub 2il3amit,mindub 2ilma3tabi,minduub 2ilmaa3it,minduub 2ilmaa3ti,minduub 2ilma3tabi,manduub 2ilmaabiit,minduub 2ilmaa3tab,minduub 2il3amabit,minduub 2ilma3taab
arabizi_to_arabic,ynabbih,ينبه,ينبه,,,,,,,,,
arabic_to_arabizi,بخت,bakhkhat,bakhkhit,bakhkhat,bakhat,bukht,,,,,,
arabic_to_arabizi,قول,quul,quul,qawwil,qool,qawwal,qwall,quwal,qwil,qkuul,qkawwal,qkawwil
arabic_to_arabizi,مزراب,muzraab,mazraab,muzraab,mizraab,mzarraab,mzaraab,mzaraabib,,,,
arabizi_to_arabic,shaa3ir,شاعر,شاعر,,,,,,,,,
arabizi_to_arabic,qawwil,قول,قول,,,,,,,,,
arabizi_to_arabic,mataali3,مطالع,مطالع,متالع,,,,,,,,
arabic_to_arabizi,قصار,qassaar,qassaar,qasaar,qsaar,qussaar,qusaar,,,,,
arabic_to_arabizi,شطح,shata7,shata7,shatti7,shatta7,shati7,,,,,,
arabizi_to_arabic,wahab,وهب,وهب,,,,,,,,,
arabic_to_arabizi,أنبياء,2anbiyaa2,2anbiyaa2,,,,,,,,,
arabizi_to_arabic,ghizlaan,غزلان,غزلان,غذلان,غذالن,غذان,,,,,,
arabizi_to_arabic,mitbin,متبن,مطبن,متبن,,,,,,,,
arabizi_to_arabic,t7abraq,تحبرق,تحبرق,,,,,,,,,
arabizi_to_arabic,rutabe,رطبة,رطبة,رطابة,رتابة,رتبة,,,,,,
arabic_to_arabizi,أرجل,2argal,2arjal,2arjil,,,,,,,,
arabizi_to_arabic,mish qaliil,مش قليل,مش قليل,مش قلي,مشق لي,مشقة لي,مشق ليل,مشقة ليل,مشقى لي,مشق اللي,مشقة اللي,مشقيل للللي
arabic_to_arabizi,نول,nawwil,nawwil,nawwal,nuul,nool,nuwal,nuwwal,nuwwil,,,
arabizi_to_arabic,3akkaz,عكز,عكز,عكذ,,,,,,,,
arabic_to_arabizi,استغفر,2istaghfar,2istaghfir,2istaghfar,,,,,,,,
arabic_to_arabizi,قديش,qaddeesh,qadiish,qadeesh,qadyish,qadyash,qkadiish,qadesh,qidiish,qkadeesh,qkgadiish,qkadyish
arabic_to_arabizi,يتسبب,yitsabbab,yitsabbab,,,,,,,,,
arabizi_to_arabic,ghashshiish,غشيش,غشيش,,,,,,,,,
arabic_to_arabizi,قريد العش,qreed 2il3ishsh,qariid 2il3ash,qariid 2il3ashsh,qariid 2il3ish,qiriid 2il3ash,qariid 2ish3al,qariid 2ishsha3,qariid 2ish3ash,qariid 2ishsh3al,qiriid 2il3ashsh,qariid 2il3asha3
arabic_to_arabizi,دفدف,dafdaf,dafdif,dafdaf,,,,,,,,
arabic_to_arabizi,أخف من ريشتين على جمل,2akhaff min riishteen 3ala jamal,2akhkhaf min mara 3aleet,khajaf min 2il3een misht,2akhkhaf min mishar 3aleet,2akhkhaf min mari 3aleet,khajaf min 2il3een mishtar,2akhkhaf min mara 3aleen misht,2akhkhaf min mara 3aleet mish,2akhkhaf min mishar 3aleen mit,2akhkhaf min mara 3aleet misha,2akhkhaf min mara 3aleet mishal
arabic_to_arabizi,أذاع,2azaa3,2azaa3,2azzaa3,2adhaa3,2adaa3,,,,,,
arabic_to_arabizi,مطعوج,mta3waj,mat3uuj,mta3wij,mtoo3ij,mtoo3aj,mta3juudj,mta3juu3,mta3juuj,mta3juut,mta3juuz,
arabizi_to_arabic,2inghamm,انغم,انغم,,,,,,,,,
arabic_to_arabizi,اقشع,2iqsha3,2iqsha3,2uqshu3,2uqsha3,,,,,,,
arabic_to_arabizi,خيس,khees,khees,khayyis,khayyas,khiis,khiyas,khiyis,khiyass,khiys,,
arabic_to_arabizi,يتهاوش,yithaawash,yithaawash,,,,,,,,,
arabic_to_arabizi,اسعف,2is3if,2is3af,2is3if,,,,,,,,
arabizi_to_arabic,2i3taqad,اعتقد,اعتقد,,,,,,,,,
arabizi_to_arabic,shuduf,شدف,شدوف,شدف,,,,,,,,
arabic_to_arabizi,ألوان,2alwaan,2alwaan,,,,,,,,,
arabizi_to_arabic,tabaashiir,طباشير,تباشير,طباشير,,,,,,,,
arabizi_to_arabic,shu77,شح,شح,,,,,,,,,
arabic_to_arabizi,طمن,tammin,tammin,tamman,taman,tumun,tuman,,,,,
arabizi_to_arabic,khirka,خرقة,خراك,خركة,خراق,خرك,خركى,,,,,
arabic_to_arabizi,يتهته,ytahtih,yithattat,yithattah,yithattath,,,,,,,
arabizi_to_arabic,ykhartish,يخرطش,يخرطش,,,,,,,,,
arabic_to_arabizi,انشق,2inshaqq,2inshaqq,2inshiq,2inshaq,,,,,,,
arabic_to_arabizi,خصوصي,khsuusi,khoosi,khsuusi,khusuusi,khaswiis,khaswi,khasuusi,,,,
arabizi_to_arabic,madfan,مدفن,مدفن,مضفن,,,,,,,,
arabizi_to_arabic,7ashshi,حشي,حشي,,,,,,,,,
arabizi_to_arabic,yitshaghnaf,يتشغنف,يتشفغن,يتشغنف,يتشغفن,يتشفنغ,يتشفن,,,,,
arabizi_to_arabic,daaq,ذاق,داق,ضاق,ذاق,,,,,,,
arabizi_to_arabic,yrakhkhis,يرخص,يرخص,يرخس,,,,,,,,
arabic_to_arabizi,نشافة,nashshaafe,nashshaafe,nashaafe,nishaafe,nshaafe,nishshaafe,nshashaafe,nshaafa,nishfaafe,nshashfaafe,nshashshaafe
arabic_to_arabizi,عرط,3arrit,3arrat,3arrit,3arat,3urut,3urt,3urat,,,,
arabic_to_arabizi,محتال,mu7taal,mi7taal,mu7taal,ma7taal,mi7tilaal,mi7tiaal,,,,,
arabic_to_arabizi,مصور,musawwar,msawwir,maswar,masuur,msuur,maswir,musuur,msoor,msawwar,musawwir,musawwar
arabizi_to_arabic,7ammis,حمس,حمس,حمص,,,,,,,,
arabic_to_arabizi,عنى,3ana,3anna,3ana,,,,,,,,
arabic_to_arabizi,قصيرة,qassiire,qasiira,qasiire,qasyara,qussiira,qusseera,qisiira,qussiire,qisiire,qusiira,qissiira
arabic_to_arabizi,خض,khudd,khadd,dakhkh,khudd,khidd,khaddid,khaddad,dukhkh,khudud,dikhkh,
arabizi_to_arabic,3irzaan,عرزان,عرزان,عرذان,,,,,,,,
arabizi_to_arabic,2idda3bab,تدعبب,تدعببب,تدعبببب,تدعبب,تضعب,اتدعببب,اتدعبب,اتضعب,تضعبب,تدعببببب,اتضعبب
arabizi_to_arabic,khaayikh,خايخ,خايخ,,,,,,,,,
arabic_to_arabizi,تكتل,tkattal,tkattal,,,,,,,,,
arabizi_to_arabic,mataajir,متاجر,مطاجر,متاجر,,,,,,,,
arabic_to_arabizi,آخي,2aakhi,2aakhi,,,,,,,,,
arabic_to_arabizi,بكى,baka,bakka,baka,,,,,,,,
arabizi_to_arabic,mu3aasir,معاصر,معاصر,معاسر,,,,,,,,
arabic_to_arabizi,دم الزغلول,damm 2izzaghluul,damm 2izzaghluul,dum 2izghul,dum 2izzaghluul,damm 2ilghuz,dum 2ilghuz,dum 2izzughul,damm 2ilghuzul,damm 2ilghazuul,damm 2izzzaghluul,damm 2ilghuuz
arabizi_to_arabic,yindugh,يندغ,يندغ,ينضغ,,,,,,,,
arabizi_to_arabic,tshayyak,تشيك,تشيك,,,,,,,,,
arabizi_to_arabic,3awar,عور,عور,عوار,,,,,,,,
arabic_to_arabizi,أنعم,2an3am,2an3am,,,,,,,,,
arabic_to_arabizi,مخمج,mkhammij,mkhajjim,mkhajjam,mkhammaj,mkhammij,mkhajdjim,mukhajjim,mukhammaj,mkhajdjam,mukhammij,mkhamaj
arabic_to_arabizi,تعثر,t3attar,t3attar,t3athtar,t3athsar,t3atthtar,t3atthsar,t3atththar,t3atthar,t3aththar,,
arabic_to_arabizi,ماطل,maatal,maatil,,,,,,,,,
arabic_to_arabizi,يتمسح,ytamsi7,yitmassa7,,,,,,,,,
arabizi_to_arabic,7ashfash,حشفش,حشفش,حشف,,,,,,,,
arabic_to_arabizi,فقر,faqqir,faqar,faqqar,faqqir,faqir,fuqur,,,,,
arabic_to_arabizi,تصرف,tasarruf,tsarraf,,,,,,,,,
arabizi_to_arabic,2insafakh,انسفخ,انسفخ,,,,,,,,,
arabizi_to_arabic,yuuras,يورث,يورث,يورس,يورثى,يورص,يورصة,,,,,
arabic_to_arabizi,متانة,mataane,mtaane,mutaane,mittaane,mataane,muttaane,mitaane,mattaane,,,
arabizi_to_arabic,dabke,دبكة,دبكة,ضبكة,,,,,,,,
arabic_to_arabizi,عظمة لساني,3admit lsaani,3azmit 2ilsaaniyye,3azmit 2ilsaaniye,3azmit 2ilseen,3izmit 2ilsaaniye,3izmit 2ilsaaniyye,3azme 2ilsaaniyye,3azmit 2issaaniyye,3azmit 2ilsaniye,3azmit 2ilsaniyye,3azamit 2ilsaaniyye
arabic_to_arabizi,أرساغ,2arsaagh,2arsaagh,,,,,,,,,
arabic_to_arabizi,خبل,khabal,khabal,khabbal,khabbil,khubul,khubal,,,,,
arabic_to_arabizi,جمال,jammaal,jamaal,jmaal,jammaal,jummaal,jumaal,,,,,
arabizi_to_arabic,2ikhdar,إخضر,اخدر,اخضر,,,,,,,,
arabizi_to_arabic,huwash,هوش,هوش,,,,,,,,,
arabizi_to_arabic,mitlabbid,متلبد,متلبد,متلبض,,,,,,,,
arabic_to_arabizi,بليطة,balliite,baliita,bleeta,bliita,balliita,baliite,balita,bliite,balyata,bileeta,balliite
arabizi_to_arabic,tqaasam,تقاسم,تقاسم,تقاصم,,,,,,,,
arabizi_to_arabic,ra3ad,رعد,رعد,رعض,,,,,,,,
arabic_to_arabizi,يقرقر,ygargir,yqarqir,yqarqirkir,yqarqirkar,yqarqirkirkir,yqarqirkarkir,yqarqirkirkar,yqarqirkarkar,yqarqirkarkirkir,yqarqirkirkirkir,yqarqirkarykir
arabic_to_arabizi,كديش,kdiish,kadiish,kudeesh,kudiish,kidish,kideesh,kidiish,kuddeesh,kuddiish,kidyish,kidyash
arabic_to_arabizi,مج,midjdj,majj,madjdj,majdj,madjj,mijdj,mijj,madj,midjdj,midjj,midjjdj
arabic_to_arabizi,ينقرا,yinqara,yinqara,yinqira,yinqaar,ynaqqir,yinqar,ynaqqaar,ynaaqir,yinqaari,yinqaari2,ynaqar
arabic_to_arabizi,ود,wadd,wadd,widd,,,,,,,,
arabizi_to_arabic,fii btimmak 7aki,في بثمك حكي,في بتحك مكي,في بيتحك مكي,فيبت محكي,في بتك محكي,في بطيك محك,في بيتحك مك,في بتحك مك,فيبت حمك,في بيتك محكي,فيبت محكي مك
arabizi_to_arabic,naqad,نقض,نقد,نقض,,,,,,,,
arabic_to_arabizi,جيفة,jiife,jiife,jeefe,jayye,jayafe,jayfe,,,,,
arabizi_to_arabic,ma7shi,محشي,محشي,,,,,,,,,
arabizi_to_arabic,haftaan,هفتان,هفتان,هفطان,هفطن,,,,,,,
arabizi_to_arabic,naab,ناب,ناب,,,,,,,,,
arabic_to_arabizi,اتقطب,2itqattab,2itqattab,,,,,,,,,
arabic_to_arabizi,حراك,7iraak,7raak,7arraak,7araak,7iraak,7irraak,,,,,
arabizi_to_arabic,da33if,ضعف,دعف,ضعف,,,,,,,,
arabic_to_arabizi,هربة,hrubbe,harbe,hurbe,hirbe,,,,,,,
arabic_to_arabizi,اتمرق,2itmarraq,2itmarraq,,,,,,,,,
arabic_to_arabizi,يوقن,yuuqin,ywaqqin,yuuqin,yuuqan,,,,,,,
arabic_to_arabizi,عريس,3ariis,3ariis,3iriis,3riis,3rees,3iryas,3irees,3iryis,,,
arabic_to_arabizi,يرى,yara,yra,yira,yirra,yura,yurra,,,,,
arabizi_to_arabic,ra22at,رقط,رأط,رؤط,رأت,رؤت,,,,,,
arabizi_to_arabic,3amaara,عمارة,عمارة,,,,,,,,,
arabic_to_arabizi,ويا دار ما دخلك شر,wuyaa daar maa dakhkhalik shar,weed 2iddar maash khar,weed 2iddar maash khalar,weed 2iddar maa khshar,weed 2iddar maak shakhar,weed 2iddar maa khshshar,weed 2iddar maak shshakhar,weed 2iddar maak shakhshar,weed 2iddar maash khalakhar,weed 2iddar maak shshakhshar,weed 2idrraak mashshak lakhar
arabic_to_arabizi,يعفكش,y3afkish,y3afkish,,,,,,,,,
arabizi_to_arabic,maa3indo diqin 2immashshatta,ماعنده ذقن ممشطة,ماعنده مثق الشته,ماعنده مثق الستها,ماعنده مثق السته,ماعنده مثق الشتها,ماعنده مش اقته,ماعنده مثق الصده,ماعنده مثقة الشته,ماعنده مثق الصدسته,ماعنده مثق الصداته,ماعنده مثق الشتهان
arabizi_to_arabic,2ikir,عكر,اكر,اكير,إكر,اكري,إكير,,,,,
arabic_to_arabizi,خجول,khajuul,khoojil,khoojal,khujuul,khajwal,khajwil,khadjwal,khadjwil,khudjuul,,
arabizi_to_arabic,djibab,جبب,جبب,جب,جدب,جدبب,جببب,,,,,
arabizi_to_arabic,ja3ja3,جعجع,جعجع,,,,,,,,,
arabic_to_arabizi,يبرق,ybarriq,ybarriq,,,,,,,,,
arabizi_to_arabic,bawwaabe,بوابة,بوابة,,,,,,,,,
arabizi_to_arabic,bi7ki labalad,بيحكي لبلد,بيحك بلد,بيحك بالد,بيحك بلاد,بيحك بلدل,بيحك بدل,بحك بلد,بحكي بلد,بحك بلاد,بيحك لبد,بحك بالد
arabizi_to_arabic,bakradj,بكرج,بكرج,,,,,,,,,
arabic_to_arabizi,شيوخ,shyuukh,shyuukh,shaywikh,shayyuukh,sheewikh,sheekh,shweekh,shaywakh,sheekhu,shayuukh,shiiwikh
arabizi_to_arabic,mallis,ملس,ملس,ملص,,,,,,,,
arabic_to_arabizi,مطيز,mtayyiz,mtayyiz,mtiiz,matiiz,mutiiz,matyiz,mutayyiz,matyaz,mutayyaz,mutyazz,mutyiz
arabic_to_arabizi,كدمة,kadme,kadme,kidme,kadame,kudme,kudume,kuddame,kuddume,kudde,kuddeme,
arabic_to_arabizi,اتفاقية,2ittifaaqiyye,2itfaaqaye,2itfaaqiyye,2itfaaqiye,2itfaaqa,,,,,,
arabizi_to_arabic,yushrum,يشرم,يشرم,,,,,,,,,
arabic_to_arabizi,قبض,qabad,qabbid,qabad,qabbad,qabid,qubud,qubad,,,,
arabizi_to_arabic,dju3djukke,جعجكة,جعجكة,جعجقة,جعكجة,جعجة,جعجوقة,جعجوكة,جعجوجكة,جعجوك,جعجوجك,جعجوجة
arabizi_to_arabic,masaalik,مسالك,مسالك,مساكل,مصالك,مصاكل,,,,,,
arabizi_to_arabic,ythammin,يثمن,يثمن,يتهمن,,,,,,,,
arabizi_to_arabic,shaarid,شارد,شارد,شارض,,,,,,,,
arabic_to_arabizi,استحيل,2ista7iil,2ista7li,2ista7iil,2ista7yil,2ista7yal,,,,,,
arabizi_to_arabic,wil3at,ولعت,ولعط,,,,,,,,,
arabic_to_arabizi,ديوك,dyuuk,dyuuk,daywik,deewik,dayyuuk,deewak,daywak,dayuuk,diiwik,dyuuki,diik
arabizi_to_arabic,3irqiyye,عرقية,عرقية,,,,,,,,,
arabic_to_arabizi,انقلع,2inqala3,2inqili3,2inqala3,,,,,,,,
arabizi_to_arabic,ytagmish,يطقمش,يطقمش,يطغمش,يتقمش,يطمغص,يطمش,يطمقش,يطمس,يطمغس,يتغمش,يتمسغ
arabizi_to_arabic,firaar,فرار,فرار,فرارة,,,,,,,,
arabizi_to_arabic,yi3rib,يعرب,يعرب,,,,,,,,,
arabic_to_arabizi,مسواك,miswaak,maswaak,msawwaak,muswaak,musawaak,msawaak,msuuka,musuuka,mswaak,msuwaak,musuukaak
arabizi_to_arabic,2il qutt maa bi7ibb 2illa khunnaaqo,القط مابيحب الا خناقه,اللقط طنه بيح من أخه,اللقط طنه بالح من بيه,اللقط طنه بيح من البيه,اللقط طحبه من البي أخه,اللقط طنه بالح من بيله,اللقط طحبه من الحبي أخه,اللقط طنه بالح من البيه,اللقط طنه بالح من أخوبيل,اللقط طنه بالح من أخوبيل ا,اللقط بتحته من أخه بيل أبين أبله
arabic_to_arabizi,تأسيس,ta2siis,ta2siis,tas2iis,tas2ees,tasiis,tasyas,tas2ayyus,tasya2,tas2ayyas,tas2asiis,tas2ays
arabic_to_arabizi,في,fayy,fi,fayy,fii,fiyy,fiy,,,,,
arabic_to_arabizi,موح,moo7,mawwi7,muu7,mawwa7,mwa77,moo7,muwa7,muwa77,muwi7,,
arabizi_to_arabic,ballish,بلش,بلش,,,,,,,,,
arabizi_to_arabic,2iksif,اكسف,اكسف,اكثف,,,,,,,,
arabizi_to_arabic,saa7ib mruwwe,صاحب مروة,ساحب ومروة,صاحب ومروة,ساحب ورمة,صاحب رومة,صاحب ورمة,ساحب ومروسة,صاحب مروة,صاحبة ومروة,ساحبة ومروة,ساحب و مروسة
arabizi_to_arabic,2istaltif,استلطف,استلطف,استلتف,,,,,,,,
arabic_to_arabizi,تبني,tabanni,tabni,tbanni,tabani,tabanni,,,,,,
arabic_to_arabizi,فلل,fallil,fallil,fallal,filil,,,,,,,
arabic_to_arabizi,حكحكة,y7ak7ake,7ak7ake,7ak7a,7uk7a,7ukk7a,7uk7ake,7ukka7a,7ukku7a,7ukku7e,7ukkuk7a,7ukkuke
arabizi_to_arabic,tura,ترى,طرة,طرى,طرا,ترى,ترة,تورى,تورة,,,
arabizi_to_arabic,faghar,فغر,فغر,,,,,,,,,
arabic_to_arabizi,ترابي,turaabi,taraabi,traabi,tiraabi,tarraabi,tirraabi,,,,,
arabic_to_arabizi,تاريخي,taariikhi,taariikhi,taariikh,tariikhi,taraayikh,taraakhi,tarakhi,tarayikh,taraayiikh,tarayiikh,tariikh
arabizi_to_arabic,marayiil,مراييل,مرايل,,,,,,,,,
arabic_to_arabizi,نطق,nattaq,nattiq,nataq,nattaq,natiq,,,,,,
arabic_to_arabizi,متعلم,muta3allim,mit3allim,mit3allam,muta3lam,muta3lim,,,,,,
arabizi_to_arabic,wilaaye,ولاية,ولاية,,,,,,,,,
arabic_to_arabizi,بعثر,ba3tir,ba3tar,ba3tir,bu3thur,bu3tur,bu3tar,bu3thar,,,,
arabic_to_arabizi,شتلة,shatle,shatle,shitle,shutle,shatale,shitile,shitale,shuttale,shuttile,shuttule,shuttele
arabizi_to_arabic,kaayin,كاين,كاين,,,,,,,,,
arabic_to_arabizi,معطبن,m3atbin,m3atbin,m3atban,,,,,,,,
arabic_to_arabizi,شمسي,shamsi,shamsi,,,,,,,,,
arabizi_to_arabic,shaati2,شاطئ,شاطئ,,,,,,,,,
arabizi_to_arabic,2itsatshwa7,اتسكوح,اتسطحوش,اتستحوش,اتسطوح,اتصطح,اتستوح,اتصطحوش,اتصطوح,اتصطحو,اتستطحوش,اتستشحو
arabic_to_arabizi,مبرجل,mbarjil,mbarjil,mbarjal,mbargal,mbargil,,,,,,
arabic_to_arabizi,عرش,3arsh,3arrash,3arrish,3arash,3urush,3irish,3irsh,3irash,3urash,,
arabizi_to_arabic,3itil,عطل,عتل,عطل,,,,,,,,
arabic_to_arabizi,مناهقة,mnaahaqa,minhaaqa,mnaahaqa,munaahaqa,munhaaqa,munahaaqa,munhaahaqa,munahaqa,,,
arabic_to_arabizi,دملج,dimlij,damlaj,damlij,damladj,damlidj,dumallij,dmaldaj,dumallaj,dumalj,dmaldj,dmaldij
arabizi_to_arabic,jooze,جوزة,جوزة,,,,,,,,,
arabizi_to_arabic,2idghash,ادغش,ادغش,,,,,,,,,
arabizi_to_arabic,lughad,لغد,لغد,,,,,,,,,
arabic_to_arabizi,عمدا,3amdan,3imda,3amada,3amda,3amad,3umda,3amaad,3umada,3ummada,3ummaad,3imdaa
arabizi_to_arabic,sh3iire,شعيرة,شعيرة,شعير,,,,,,,,
arabic_to_arabizi,مجبص,mjabbasa,mjabbis,mjabbas,mdjabbis,mdjabbas,,,,,,
arabic_to_arabizi,ينغر,yingharr,yingharr,yinghir,yinghar,yunghur,yingharrir,,,,,
arabizi_to_arabic,3arraq,عرق,عرق,,,,,,,,,
arabic_to_arabizi,انذاق,2indaaq,2indaaq,2inzaaq,2indhaaq,2indiqaaq,2indiqa,2indiq,2indiqaa2,2indi2aaq,2indi2,
arabizi_to_arabic,qaraqiimkarakiim,قراقيم,قراقيم,قراقيمير,قراقيميم,قراقيميريم,,,,,,
arabic_to_arabizi,معنى,ma3na,m3anna,m3ana,,,,,,,,
arabizi_to_arabic,3aashiq,عاشق,عاشق,,,,,,,,,
arabizi_to_arabic,dja3maz,جعمز,جعمز,,,,,,,,,
arabic_to_arabizi,يمتحن,yimti7in,yimta7in,yimti7in,ymat7in,ymatti7,ymatti7in,,,,,
arabic_to_arabizi,مات بحسرته,maat b7asrito,maati7ib saro,maati7 braso,maati7ib siro,maati7 bsaro,maata7ib saro,maato b7asrato,maati7ib srato,maati7ib suro,maati7ib sarto,maati7ib sarro
arabizi_to_arabic,mahhad,مهد,مههد,مهد,مهذ,مهذى,مههض,مههذ,مههذى,,,
arabizi_to_arabic,2itdjarba7,اتجربح,اتجربح,,,,,,,,,
arabic_to_arabizi,كب العدسات,kabb 2il3adasaat,kabb 2il3adasaat,kabb 2il3adasat,kabbid 2il3asaat,kabbaal 3adasaat,kibid 2il3asaat,kabbaal 2iddasa3,kabbaal 2il3adasaat,kabbaal 2il3adasat,kabbil 2il3adasaat,kabbaad 2il3asaat
arabizi_to_arabic,daghash,دغش,دغش,,,,,,,,,
arabic_to_arabizi,بق,buqq,baqq,buqq,biqq,,,,,,,
arabic_to_arabizi,كن,kann,kann,kinn,kunn,,,,,,,
arabic_to_arabizi,عامر,3aamir,3aamir,3aamar,,,,,,,,
arabic_to_arabizi,انفت,2infatt,2infatt,2infit,2infut,2infat,,,,,,
arabic_to_arabizi,ينمرس,yinmiris,yinmiris,,,,,,,,,
arabizi_to_arabic,haddaak,هذاك,هداك,هضاك,هضكة,هضك,,,,,,
arabizi_to_arabic,yjaawib,يجاوب,يجاوب,,,,,,,,,
arabic_to_arabizi,افرز,2ifriz,2ifriz,2ifraz,2ufruz,2ifruz,,,,,,
arabizi_to_arabic,ta2awwuh,تأوه,تأوه,طأوه,تآوه,طؤوه,طقوه,,,,,
arabizi_to_arabic,2istamta3,استمتع,استمطع,استمتع,,,,,,,,
arabic_to_arabizi,يرهق,yirhiq,yrahhiq,yirhaq,yirhuq,yirhiq,,,,,,
arabizi_to_arabic,7aakam,حاكم,حاكم,,,,,,,,,
arabic_to_arabizi,حلس,7allis,7allis,7allas,7alas,7ilis,,,,,,
arabizi_to_arabic,yitna3nash,يتنعنش,يتنعنش,,,,,,,,,
arabic_to_arabizi,خرف,kharrif,kharaf,kharraf,kharrif,khuruf,khuraf,khurif,khurf,,,
arabic_to_arabizi,الجدار الحاجز,2iljidaar 2il7aajiz,2iljaddaar 2il7ajiz,2iljadar 2il7ajiz,2iljaadir 2il7ajiz,2ijildaar 2il7ajiz,2iljadaar 2il7ajiz,2iljaddar 2il7ajiz,2iljaddir 2il7ajiz,2iljaddaar 2il7ajaz,2iljaddaar 2il7azij,2iljaddaar 2il7azajil
arabic_to_arabizi,إذاعة,2izaa3a,2izaa3a,,,,,,,,,
arabizi_to_arabic,nakbe,نكبة,نكبة,,,,,,,,,
arabizi_to_arabic,mtoobiz,مطوبز,مطوبز,,,,,,,,,
arabic_to_arabizi,جيزة,jiize,jiize,jeeze,jayyeze,jayye,jayyaze,jayyeza,,,,
arabizi_to_arabic,2itsarraq,اتسرق,اتسرق,اتصرق,,,,,,,,
arabizi_to_arabic,yirka3,يركع,يركع,,,,,,,,,
arabic_to_arabizi,جامعي,jaami3i,jaamii3,jaama3i,jaami3,jaami3i,djaamii3,djaama3i,djaami3i,djaami3,,
arabic_to_arabizi,طامع,taami3,taami3,taama3,,,,,,,,
arabizi_to_arabic,qaati3 2irrasan,قاطع الرسن,قاطع الراسن,قاطع الرسن,قاطع الرصن,قاطع النصر,قاتع الراسن,قاطع الرنس,قاطع الراسني,قاطع الرسني,قاطع الراسين,قاتع الراسين
arabic_to_arabizi,شعبي,sha3bi,sha3bi,shu3bi,shu3bee,shu3been,shu3beeb,shu3beesh,shu3bee3,shu3beedi,shu3beeshi,shu3beebi
arabizi_to_arabic,y7aashir,يحاشر,يحاشر,,,,,,,,,
arabizi_to_arabic,yista7mid,يستحمض,يستحمض,يستحمد,,,,,,,,
arabizi_to_arabic,sijin,سجن,سجن,سجين,صجن,صجين,,,,,,
arabizi_to_arabic,fitan,فتن,فتن,فطن,,,,,,,,
arabic_to_arabizi,أسس,2usus,2assis,2assas,2asas,2asis,,,,,,
arabic_to_arabizi,استخف,2istakhiff,2istakhaf,2istakhif,2istakhiff,2istakhkhif,2istakhkhaf,2istakhaff,,,,
arabic_to_arabizi,منحدر,mun7adir,min7idir,mna7dir,mun7adir,mun7idir,min7adir,mun7addir,mna7dar,mun7adar,mun7addar,min7adar
arabic_to_arabizi,حميط,7amiit,7amiit,7miit,7meet,,,,,,,
arabizi_to_arabic,yittaqqas,يتطقس,يتطقس,يتطقص,يتقطقس,يتقطس,يتقتص,يتقطقص,يتقسط,يتقتس,يتقص,يتقتقس
arabizi_to_arabic,2itnaffaz,اتنفذ,اتنفذ,اتنفز,,,,,,,,
arabizi_to_arabic,taffah,تفه,طفه,تفه,,,,,,,,
arabizi_to_arabic,waarib,وارب,وارب,,,,,,,,,
arabic_to_arabizi,تبحبح,tba7ba7,tba7ba7,,,,,,,,,
arabic_to_arabizi,عفة,3iffe,3affe,3iffe,3uffe,3ife,3afa,3ifye,,,,
arabic_to_arabizi,اشتبك,2ishtabak,2ishtibik,2ishtabik,2ishtabak,,,,,,,
arabic_to_arabizi,ينهض,yinhad,yinhadd,ynahhid,yinhid,ynahdid,ynahdih,,,,,
arabizi_to_arabic,tawwii3,طويع,تويع,طويع,,,,,,,,
arabizi_to_arabic,natnata,نطنطة,نطنطة,نتات,نتنات,نتنى,نطانط,نطناط,نتاط,نتانت,نتنت,نتناط
arabic_to_arabizi,ينفسن,ynafsin,yinfinis,ynafsin,yinfisin,yinfasin,yinfasan,yinfanis,yinfansin,yinfanas,yinfansan,
arabic_to_arabizi,بزاز,bzaaz,bazzaaz,bazaaz,bzaaz,bizzaaz,bizaaz,,,,,
arabizi_to_arabic,yiddalghas,يتدلغص,يتدلغص,يتدلغس,,,,,,,,
arabizi_to_arabic,kheer,خير,خير,,,,,,,,,
arabic_to_arabizi,انتقم,2intaqam,2intiqim,2intaqam,2intaqim,,,,,,,
arabic_to_arabizi,صوعان,suu3aan,saw3aan,suu3aan,soo3aan,su3awaan,suw3aan,su3aan,soo3an,suu3an,su3uuna,su3aawan
arabizi_to_arabic,miritzi,مرتزي,مرتزي,مرزط,مرزت,مرزطي,مرزتي,,,,,
arabizi_to_arabic,libis ta7taani,لبس تحتاني,لبس طحين,لبسة طحاني,لبس طحاني,لبسة طحين,لبسات حتين,لبسة حتاني,لبسة حتين,لبسة حطين,لبست حتين,لبسة طحني
arabic_to_arabizi,يناهد,ynaahid,ynaahid,yinhaad,,,,,,,,
arabizi_to_arabic,jaay 3attariiq,جاي عالطريق,جايع طريق,جايع ترقي,جايعت ريق,جايعت رقي,جايع تريق,جايعت رقيت,جايعة ترقي,جايع تقير,جايعت ترقي,جايعت راقيت
arabic_to_arabizi,جعر,ja3ar,ja33ar,ja33ir,ja3ar,dja33ar,dja33ir,dja3ar,ju3ur,dji3ir,dja3ir,
arabic_to_arabizi,التحق,2ilti7iq,2ilti7iq,2ilta7aq,2ilta7iq,,,,,,,
arabic_to_arabizi,سيلان,sayalaan,siilaan,saylaan,seelaan,silyaan,sayalaan,silaan,,,,
arabizi_to_arabic,ghathbara,غثبرة,غثبرة,غطبرة,غثابر,غثارب,,,,,,
arabic_to_arabizi,يتبهمن,yitbahman,yitbahman,,,,,,,,,
arabizi_to_arabic,7arraf,حرف,حرف,,,,,,,,,
arabizi_to_arabic,makhaaliiq,مخاليق,مخاليق,مخاقيل,,,,,,,,
arabic_to_arabizi,ناطف,naataf,naatif,naataf,,,,,,,,
arabizi_to_arabic,mjazziz,مجزز,مجزز,مجز,,,,,,,,
arabizi_to_arabic,wuzaraa2,وزراء,وزراء,وظراء,وزارق,وزرقة,وزارأ,وزرائ,وظارأ,وزرقاء,وظارق,وظارئ
arabic_to_arabizi,انفصال,2infisaal,2infisaal,2infasaal,2infasal,,,,,,,
arabizi_to_arabic,khajjil,خجل,خجل,,,,,,,,,
arabic_to_arabizi,ينطرد,yintirid,yintirid,,,,,,,,,
arabizi_to_arabic,2inshaqqat 2il2ard wubal3ato,انشقت الأرض وبلعته,انشق العطوب الأرض,انشقط ولعطب الأره,انشقط العطوب الأرض,انشق بطول عته الأرض,انشقط ولعطب الأرض,انشقط العطوب الأره,انشق العطوب الأره,انشق بطول العه الأرض,انشق الطوب العته الأرض,انشق بطول العته الأرض
arabizi_to_arabic,2inqatal,انقتل,انقطل,,,,,,,,,
arabic_to_arabizi,ممزوع,mamzuu3,mamzuu3,mzamwi3,mzamwa3,mzamzuu3,mzammuu3,mzoozi3,mzoomi3,mzooma3,mzammwi3,mzammwa3
arabizi_to_arabic,ba33aj,بعج,بعج,,,,,,,,,
arabic_to_arabizi,عوقي,3awqi,3awqi,3uuqi,3ooqi,3uwqi,3awaqi,3uwaqi,3uwiqi,3uwiiq,3uwiqki,3uwiiqi
arabizi_to_arabic,shi7de,شحذة,شحدة,,,,,,,,,
arabic_to_arabizi,ألغاز,2alghaaz,2aghlaaz,2alghaaz,,,,,,,,
arabic_to_arabizi,طناطيف,tanaatiif,tanaatiif,,,,,,,,,
arabic_to_arabizi,يشطشط,yshatshit,yshatshit,yshattish,yishtish,yishtash,,,,,,
arabic_to_arabizi,جهل,jahhal,jahhal,jahhil,jahal,jihil,hajjal,djahhil,jahil,hajjil,djahhal,hadjjal
arabizi_to_arabic,yaakhud 3azaa,ياخذ عزا,ياخذ عازو,ياخذ عازود,زاخد عايز,ياخذ عزا,زاخود عايز,ياخض عزو,زاخد عزيا,ياخذ عزود,ياخذ عزو,زاخود عازي
arabic_to_arabizi,يابس,yaabis,yaabis,,,,,,,,,
arabic_to_arabizi,ستايل,staayl,stayaal,sataayil,stataayil,sitaayil,sityaal,sitayal,sittaayil,sitaayal,statyaal,stasaayil
arabizi_to_arabic,2ukhtur,اخطر,اخطر,اختر,,,,,,,,
arabizi_to_arabic,shuufaani,شوفاني,شوفاني,,,,,,,,,
arabizi_to_arabic,faashil,فاشل,فاشل,,,,,,,,,
arabizi_to_arabic,yisda7,يسدح,يسدح,يصدح,,,,,,,,
arabizi_to_arabic,mghaawaze,مغاوزة,مغاوزة,مغاوذة,,,,,,,,
arabic_to_arabizi,اركز,2irkaz,2urkuz,2irkuz,2irkaz,2irkiz,,,,,,
arabic_to_arabizi,قرطفة,qartafe,qartafe,qurtafe,qirtafe,qurtufe,,,,,,
arabizi_to_arabic,qass,قص,قص,قس,,,,,,,,
arabizi_to_arabic,dawwad,دود,دود,,,,,,,,,
arabic_to_arabizi,شملة,shamle,shamle,shamale,shimle,shumle,shimile,shumale,shummale,shimale,shummle,shummile
arabizi_to_arabic,tqkashshil 3a7aalha,تقشل عحالها,طقش علحال,تقش علحاله,تقش علحال,تقش علحلي,تقشاش علحل,تقش علحلها,تقشيش علحل,طقش علحالهل,طقش علحالها,تقشكش علحال
arabizi_to_arabic,2intiqid,انتقد,انتقد,انطقد,انتقض,,,,,,,
arabizi_to_arabic,tna3nash,تنعنش,تنعنش,,,,,,,,,
arabic_to_arabizi,نيك,niik,nayyik,niik,nayyak,nakki,nikki,niki,naki,nikk,,
arabizi_to_arabic,ma3rife,معرفة,معرفة,,,,,,,,,
arabic_to_arabizi,انسطل,2insitil,2insitil,2insatal,2insatil,,,,,,,
arabizi_to_arabic,qayluule,قيلولة,قلولة,قلولية,قالولة,قالولية,قالوليلة,,,,,
arabizi_to_arabic,yiftiqid,يفتقد,يفتقد,,,,,,,,,
arabizi_to_arabic,ykhayyib,يخيب,يخيب,,,,,,,,,
arabic_to_arabizi,قواوير,qkawaawiir,qawawiir,qawaawiir,qawawawiir,qawawaawiir,qawawaayir,qwawaawiir,qwawawiir,qkawaawiir,qkawawiir,qwawawaayir
arabic_to_arabizi,خروج,khruuj,khruuj,kharwaj,kharwij,khuruuj,,,,,,
arabic_to_arabizi,برضاي عليك,biridaay 3aleek,birdaayi3 2ilkeed,birdaayi3 2ilki,barid 2il3eek,baraayi3 2ilkeed,barid 2il3iik,barid 2il3ik,baraayi3 2ilkiid,bardaayi3 2ilkeed,birdaayi3 2ilkii,birdaayi3 2ilkayy
arabic_to_arabizi,حلال عليك,7alaal 3aleek,7alaal 3aleek,7alaal 3alaki,7ilaal 3aleek,7laal 3aleek,7allaal 3aleek,7allaal 3alaki,7alaal 3aliik,7ilaal 3alaki,7laal 3alaki,7allaal 3aliik
arabizi_to_arabic,tsaddaqtsadda2,تصدق,تسدق,تصدق,تسدقت,,,,,,,
arabizi_to_arabic,bawwis,بوس,بوس,بوص,,,,,,,,
arabizi_to_arabic,2ifta7,افتح,افتح,افطح,,,,,,,,
arabizi_to_arabic,latwash,لطوش,لطوش,,,,,,,,,
arabic_to_arabizi,تمايع,tmaaya3,tamaayi3,tmaaya3,timaaya3,timaa3i,timaa3,timaayi3,,,,
arabic_to_arabizi,مرمط,marmat,mrammit,mrammat,marmit,marmat,,,,,,
arabizi_to_arabic,7aqqaani,حقاني,حقاني,,,,,,,,,
arabizi_to_arabic,mitdjadhmir,متجذمر,متجذمر,متجظمر,متجهرم,متجهمر,,,,,,
arabizi_to_arabic,3askir,عسكر,عسكر,عصكر,عصقر,,,,,,,
arabic_to_arabizi,تبطح,tbatta7,tbatta7,,,,,,,,,
arabizi_to_arabic,2i7baat,إحباط,احبط,إحباط,إحبطة,إحبط,إحبات,,,,,
arabizi_to_arabic,2ista3aar,استعار,استعار,,,,,,,,,
arabizi_to_arabic,yin7asir,ينحسر,ينحصر,ينحسر,,,,,,,,
arabic_to_arabizi,مراسل,muraasil,maraasil,mraasil,muraasil,miraasil,mirraasil,,,,,
arabic_to_arabizi,مداواة,mudaawa,mdawwaat,mudaawaa,midwaat,mdaawaa,mudaawa,mdawaat,madaawaa,madaawa,mdawaawe,mdawaawa
arabic_to_arabizi,جد,jidd,jadd,jidd,judd,,,,,,,
arabic_to_arabizi,جميل,jamiil,jamiil,jmiil,jmeel,,,,,,,
arabic_to_arabizi,قلب,qalib,qallib,qallab,qalab,qilib,,,,,,
arabic_to_arabizi,استورد,2istawrad,2istawdir,2istawdar,2istawrid,2istawrad,,,,,,
arabic_to_arabizi,كتابة,ktaabe,kattaabe,kataabe,kuttaabe,kitaabe,ktaabe,kutaabe,kittaabe,ktaatabe,ktaatbe,ktitaabe
arabizi_to_arabic,muud,مود,مود,موض,,,,,,,,
arabic_to_arabizi,غلي قلبي,ghili qalbi,ghalli qalbi,ghilli qalbi,ghili qalbi,ghalli qabil,ghali qalbi,ghalli qalabi,ghaliil qabi,ghaliil qalbi,ghaliil qabil,ghaliil qabiil
arabic_to_arabizi,مخه نظيف,mukhkho ndiif,mukhkho nadafi,mukhkho naziif,mikhkho nadafi,mukhkho nazifi,mukhkho nazif,makhkhad nafi,mkhaffin zi,makhkhin zifi,mikhkho nazif,mukhkho nadif
arabic_to_arabizi,يدروخ,ydarwikh,ydoorikh,ydarwikh,,,,,,,,
arabizi_to_arabic,faadi,فاضي,فادي,فاضي,,,,,,,,
arabic_to_arabizi,ونكر,wankir,wankar,wankir,,,,,,,,
arabic_to_arabizi,يميل,ymayyil,ymiil,ymayyil,yimiil,yimmiil,yimli,yimmil,yimyal,yimyil,yimil,
arabizi_to_arabic,yikbis,يكبس,يكبس,,,,,,,,,
arabic_to_arabizi,بط,batt,batt,butt,bitt,,,,,,,
arabic_to_arabizi,اندفس,2indifis,2indafas,2indifis,,,,,,,,
arabizi_to_arabic,t7atfal,حتفل,تحتفل,,,,,,,,,
arabizi_to_arabic,yta77in,يطحن,يطحن,يتحن,,,,,,,,
arabic_to_arabizi,مرن,marrin,marrin,marran,maran,mirin,marin,murin,murann,murun,miran,muran
arabizi_to_arabic,ghyuum,غيوم,غيوم,غيم,,,,,,,,
arabizi_to_arabic,saami3,سامع,سامع,صامع,,,,,,,,
arabic_to_arabizi,اشقح,2ishqa7,2ishqa7,,,,,,,,,
arabizi_to_arabic,raas 2ilkoom,راس الكوم,راس الكوم,راس الخوم,راس الأكوم,راسك اله,راس أكله,راسك الوم,راسك المول,راس أكومله,راس أكوله,راسك الموره
arabizi_to_arabic,summ,صم,سم,صم,,,,,,,,
arabic_to_arabizi,قيش,qayyash,qayyish,qiish,qayyash,qeesh,qiyash,qiyish,qkayyish,qkiish,qkayyash,qiyashsh
arabizi_to_arabic,bardiyye,بردية,بردية,,,,,,,,,
arabic_to_arabizi,يستحي,yisti7i,yista7i,yistatii7,yistati7i,yistati7,,,,,,
arabic_to_arabizi,ميال,mayyaal,mayaal,miyaal,myaal,meelaal,mayyaal,meela,mee2aal,,,
arabic_to_arabizi,سماط,smaat,samaat,sammaat,smaat,summaat,sumaat,,,,,
arabizi_to_arabic,2akhan,أكهن,أخن,أخنى,,,,,,,,
arabic_to_arabizi,قابر أهله,qaabir 2ahlo,qaabir 2ahlo,qaabir 2ahalo,qaabir 2alo,qaabir 2ahilo,qaabiro 2alo,qaabiro 2alha,qaabaro 2alo,qaabiro 2ahlo,qaabir 2ahur,qaabiro 2alhu
arabic_to_arabizi,يلاقي,ylaaqi,ylaaqi,,,,,,,,,
arabizi_to_arabic,mustawa,مستوى,مستاوى,مستوى,,,,,,,,
arabizi_to_arabic,najjim,نجم,نجم,,,,,,,,,
arabizi_to_arabic,ykibb,يكب,يكب,,,,,,,,,
arabizi_to_arabic,thaajam,تهاجم,تهاجم,ثاجم,,,,,,,,
arabic_to_arabizi,يحيد,y7iid,y7ayyid,yi7yid,yi77iid,yi7iid,yi7yad,yi7di,yi77yid,yi7id,yi7ayyid,yi77ad
arabizi_to_arabic,3irsaan,عرسان,عرسان,عرصان,,,,,,,,
arabic_to_arabizi,مسخ,massikh,masakh,massakh,massikh,masikh,miskh,misikh,misakh,,,
arabic_to_arabizi,انضبع,2indaba3,2indaba3,2indibi3,2indabi3,,,,,,,
arabic_to_arabizi,ينسق,ynassiq,ynassiq,yinsiq,yinsaqq,yinsaq,,,,,,
arabic_to_arabizi,ينسلق,yinsiliq,yinsiliq,,,,,,,,,
arabizi_to_arabic,zaghghar mukhkho,صغر مخه,زغه خرم,زغه مرخه,زغه رقهم,زغه رمخه,زغه رمكه,زغه مركه,زغه مرقه,زغه رمغك,زغه رمغكه,زغه مرخوخ
arabic_to_arabizi,ينوصف,yinwisif,ynaswif,ynawsif,ynoosif,yinwisif,ynawfis,yinsuuf,yinsiwif,yinsawif,yinsuf,yinwasif
arabic_to_arabizi,مشلع,mshalla3,mshalli3,mshalla3,mishla3,mashla3,mishli3,mashli3,,,,
arabic_to_arabizi,مهربج,mharbij,mharbidj,mharbij,mhargib,mhardjib,mharjib,mharbaj,mharbadj,mhargab,mharjab,mhardjab
arabic_to_arabizi,أيد,2ayyid,2ayyad,2eed,,,,,,,,
arabizi_to_arabic,libis 2ilbalaata,لبس البلاطة,لبس البطة,لبس البيت,لبس الباطة,لبس البيطة,لبس البلاطة,لبسة البلة,لبس الطابل,لبس البلات,لبصة البلة,لبسة البلات
arabic_to_arabizi,مطعم,mat3am,mta33im,mta33am,mut3am,mut3im,muta33im,muta3im,muta3am,muta33am,,
arabizi_to_arabic,yitla3 3aqabri,يطلع عقبري,يتلعق عرب,يطلع عرقب,يتلعق عبر,يطلع عقرب,يتلع عرقب,يطلعق عرب,يطلع قرب,يتلع قرب,يطلعق عبر,يتلعق بري
arabizi_to_arabic,hamaj,همج,همج,,,,,,,,,
arabic_to_arabizi,ابن نعمة,2ibin ni3me,2ibnin 3ame,2ibin na3me,2ibin ni3me,2ibnin 3ume,2ibn na3me,2ibin 3aname,2ibnin 3ime,2ibin nam3a,2ibin nim3a,2ibnin 3aname
arabizi_to_arabic,khiiti miiti,خيطي ميطي,خيت ميت,خيط ميت,خيطيت ميت,خيطية ميت,خيطي ميت,خيط ميطي,خيطية مي,خيطيط ميت,خيطي ميطي,خيطيطي ميت
arabizi_to_arabic,2inkhila3,انخلع,انخلع,,,,,,,,,
arabic_to_arabizi,مرحوم,mar7uum,mar7uum,mroo7im,,,,,,,,
arabizi_to_arabic,msha3wit,مشعوط,مشعوط,,,,,,,,,
arabic_to_arabizi,بنشد فيه الظهر,binshadd fii 2iddahir,binshid fiid 2iro,binshid fiid 2ilharo,binshid fiid 2ilhar,binshid fiid 2ilhur,binshid fiid 2ilhir,bindish fiid 2ilhur,bindish fiid 2ilhar,binshadd fiid 2ilhar,binshadd fiid 2ilharo,binshadd fiid 2ilhura
arabizi_to_arabic,jarim,جرم,جرم,,,,,,,,,
arabic_to_arabizi,خلق,khalak,khallaq,khalliq,khalaq,khuluq,,,,,,
arabic_to_arabizi,جوح,juu7,juu7,jawwa7,jawwi7,joo7,djuu7,wajji7,wajja7,djawwi7,djoo7,djawwa7
arabic_to_arabizi,يطبل,yutbul,ytabbil,yitball,yitbil,yutbul,yitbal,yitballal,,,,
arabic_to_arabizi,ناقض,naaqid,naaqid,naaqad,,,,,,,,
arabizi_to_arabic,3aali,عالي,عالي,,,,,,,,,
arabic_to_arabizi,لوط,lawwit,lawwat,lawwit,luut,loot,luwat,luwwat,luwwit,,,
arabic_to_arabizi,غيم,ghayyam,ghiim,ghayyim,ghayyam,gheem,ghiyam,ghiyim,,,,
arabic_to_arabizi,اتنصر,2itnassar,2itnassar,2itsannar,,,,,,,,
arabic_to_arabizi,درم,daram,darram,daram,darrim,dirim,diram,,,,,
arabizi_to_arabic,2ista3rad,استعرض,استعرض,استعرد,,,,,,,,
arabizi_to_arabic,3ajame,عجمة,عجمة,عجامة,,,,,,,,
arabic_to_arabizi,زي البفتة,zayy 2ilbafte,ziif 2ilbete,ziif 2ilbeet,ziif 2ilbeta,zayy 2ilbetfe,ziif 2ilbet,zeef 2ilbete,ziif 2ilbeete,ziifit 2ilbe,ziit 2ilbe,zeef 2ilbeta
arabizi_to_arabic,lattan,لتن,لطن,لتن,,,,,,,,
arabizi_to_arabic,yitwa77ash,يتوحش,يتوحش,,,,,,,,,
arabizi_to_arabic,shaarit,شارط,شارط,,,,,,,,,
arabic_to_arabizi,دزينة,dazziine,daziine,dazziine,duzzeene,dizziine,dizzeene,diziine,dizeene,duzziine,diizine,diizene
arabizi_to_arabic,yzawwid,يزود,يزود,,,,,,,,,
arabic_to_arabizi,ملان,mallaan,malaan,mlaan,milaan,mulaan,mallaan,millaan,mullaan,,,
arabizi_to_arabic,2inkhur,انخر,انخر,,,,,,,,,
arabizi_to_arabic,tkhuute,تخوتة,تخوتة,طخوتة,تختوتة,طخوطة,,,,,,
arabizi_to_arabic,yzaa3il,يزاعل,يزاعل,,,,,,,,,
arabizi_to_arabic,watwit,وتوت,وطوط,وتوت,وطوت,,,,,,,
arabic_to_arabizi,ردع,rada3,raddi3,radda3,rada3,ridi3,rida3,,,,,
arabic_to_arabizi,يتشرع,yitsharra3,yitsharra3,,,,,,,,,
arabizi_to_arabic,tubb,طب,طب,تب,,,,,,,,
arabizi_to_arabic,mi3wal,معول,معول,,,,,,,,,
arabic_to_arabizi,سرب,sarrib,sarrab,sarrib,sarab,sirib,surub,surab,sirab,surrub,surrab,surrib
arabizi_to_arabic,yzaawil,يزاول,يزاول,يذاول,,,,,,,,
arabizi_to_arabic,mghannawaati,مغنواتي,مغناوط,,,,,,,,,
arabizi_to_arabic,shajarit 2innuur,شجرة النور,شجرة النور,شجرة النون,شجرة النورة,شجرة النوران,شجارة النور,شجارة النون,شجرة النورا,شجرة النه,شجرة النهور,شجارة النوران
arabic_to_arabizi,انضرب,2indirib,2indirib,2indarab,2indarib,,,,,,,
arabizi_to_arabic,twaffa,توفى,توفى,,,,,,,,,
arabizi_to_arabic,ynaqqil,ينقي,ينقل,,,,,,,,,
arabic_to_arabizi,تسبب,tsabbab,tsabbab,,,,,,,,,
arabic_to_arabizi,فقش,faqqish,faqash,faqqash,faqqish,faqish,,,,,,
arabizi_to_arabic,qkalaayid,قلايد,قلايد,قلايض,,,,,,,,
arabic_to_arabizi,ثقب,thaqkab,thaqqab,saqqab,saqab,saqqib,thaqab,thaqqib,thuqab,suqab,taqqab,thaqqkab
arabic_to_arabizi,دخول,dukhuul,dakhwal,dakhwil,dkhuul,dukhuul,dookhil,dkhool,dakhkhuul,dookhal,dokhil,dokhal
arabic_to_arabizi,تعاظم,t3aazam,t3aazam,t3aadham,t3aadam,,,,,,,
arabic_to_arabizi,وكلاء,wukalaa2,waklaa2,wikilaa2,koolaa2,wakalaa2,wukalaa2,wiklaa2,wikila2,wikalaa2,kawlaa2,koola2
arabizi_to_arabic,qiim,قيم,قيم,,,,,,,,,
arabizi_to_arabic,tabbuush,طبوش,طبوش,تبوبش,تبوش,تببوش,,,,,,
arabic_to_arabizi,أسامي,2asaami,2asaami,,,,,,,,,
arabizi_to_arabic,naakir 2ilfadil,ناكر الفضل,ناكر الفيد,ناكر الفضل,ناكر الفضيل,ناكر الفض,ناكر الفضي,ناكر اللفيد,ناكر الفديل,ناكر الفضلي,ناكر اللفض,ناكر الفي الدل
arabizi_to_arabic,sabbik,سبك,سبك,صبك,,,,,,,,
arabizi_to_arabic,bunt,بنط,بنت,بنط,,,,,,,,
arabic_to_arabizi,استوى,2istawa,2istawa,2istawwa,,,,,,,,
arabizi_to_arabic,yityabbas,يتيبس,يتيبس,يتبيس,يتبس,يتبيص,يتبسب,يتبسبس,,,,
arabic_to_arabizi,دلمسة,dalmase,dalmase,dalmise,dilmise,dilmase,,,,,,
arabic_to_arabizi,يلاهث,ylaahith,ylaahith,,,,,,,,,
arabic_to_arabizi,لمز,lamaz,lammiz,lammaz,lamaz,,,,,,,
arabic_to_arabizi,مصادر,musaadar,masaadir,musaadir,msaadir,,,,,,,
arabic_to_arabizi,مشفى,mshaffa,mshaffa,mashfa,,,,,,,,
arabic_to_arabizi,ينتصر,yintisir,yintisir,,,,,,,,,
arabic_to_arabizi,يتعوذ,yit3awwaz,yit3awwaz,yit3awwadh,yitwa33az,yit3azwaz,yitwazza3,yitwa33adh,yit3azwadh,yit3azzaw,,
arabic_to_arabizi,انتحس,2inti7is,2inti7is,2inta7as,,,,,,,,
arabizi_to_arabic,salaase,سلاسة,سلاسة,صلاصة,صلاسة,,,,,,,
arabizi_to_arabic,2ayyaam 2izzeet 2asba7it 2amseet,أيام الزيت أصبحت أمسيت,أطامة السيا بحزيت,أطام الحزيت السيم,أطامة الحزيت السمية,أطامة الحزية السميت,أطامة الحزيت السيم,أطامة الحزيت السميا,أطامة الحزيت السيما,أطيام الزيت الحمسيا,أطيام الزيت الحمسيم,أطامة الحزيت السيمية
arabic_to_arabizi,فزر اللي يفزرك,fazar 2illi yufzurak,fazar 2ilfi zeekir,fizr 2ilfi zeekir,fazar 2ilfi zeekur,fazar 2ilfii kriiz,fazar 2ilfii kreez,fazar 2ilfi zeekiir,fazar 2ilfi zeerk,fazzar 2ilfi kreez,fazzar 2ilfii kreez,fazzar 2ilfii kriiz
arabic_to_arabizi,صقور,suquur,qaswar,qsuur,qaswir,squur,qusuur,suquur,qasuur,saqwar,saqwir,saqsuur
arabic_to_arabizi,اتناهف,2itnaahaf,2itnaahaf,2itnaafah,,,,,,,,
arabizi_to_arabic,tkarkaz,تكركز,تكركز,,,,,,,,,
arabic_to_arabizi,معاقب,mu3aaqab,ma3aaqib,mu3aaqib,m3aaqib,mu3aaqab,m3aaqab,ma3aaqkib,m3aaqabib,,,
arabizi_to_arabic,qalqal,قلقل,قلقل,قلق,,,,,,,,
arabizi_to_arabic,manfuukh,منفوخ,منفوخ,,,,,,,,,
arabic_to_arabizi,تدعيم,tad3iim,tad3iim,2idda3mi,2idda3yam,2id3ayyam,2idda3iim,2idda33iim,2id3ayam,,,
arabic_to_arabizi,ستين نيلة,sittiin niile,seet nile,siteen nile,satiin nile,satiine nile,stiine nile,steen nile,sitteen nile,satiinit nile,steenit nile,sitteen niyye
arabic_to_arabizi,هبلان,hublaan,hablaan,hublaan,hiblaan,hublan,hibalaan,hublana,hiballaan,hibalan,hublanaan,hublanan
arabizi_to_arabic,maltuu3,ملطوع,ملطوع,ملتوع,,,,,,,,
arabizi_to_arabic,milti7if,ملتحف,ملتحف,ملتفح,,,,,,,,
arabic_to_arabizi,يعرض,yi3rid,y3arrid,yi3rad,yi3rid,yi3rud,,,,,,
arabic_to_arabizi,جازي,jaazi,jaazi,,,,,,,,,
arabic_to_arabizi,انخبط,2inkhibit,2inkhibit,2inkhabat,,,,,,,,
arabizi_to_arabic,ydabbik,يدبك,يدبك,يضبك,,,,,,,,
arabic_to_arabizi,مغضوب,maghduub,maghduub,madghuub,,,,,,,,
arabic_to_arabizi,خانس,khaanis,khaanis,,,,,,,,,
arabizi_to_arabic,mabaariim,مباريم,مباريم,,,,,,,,,
arabizi_to_arabic,yba77ir,يبحر,يبحر,,,,,,,,,
arabizi_to_arabic,2ashhar,أشهر,أشهر,,,,,,,,,
arabic_to_arabizi,محر,ma77ir,ma7ar,mu7arr,mi7ir,ma7arr,ma77ar,ma7ir,ma77ir,mi7ar,mu7ir,mu7ar
arabic_to_arabizi,أوصال,2awsaal,2awsaal,2aswaal,2uusaal,2uwsaal,2uswaal,2uusaawal,2usawaal,2uusaawil,2usuula,2usaawal
arabic_to_arabizi,يكوع,ykawwi3,ykawwi3,ykuu3,ykoo3,yikwa3,yikwi3,,,,,
arabizi_to_arabic,2ib3at,ابعث,ابعط,ابعت,ابعث,,,,,,,
arabic_to_arabizi,بداية,bidaaye,badaaye,baddaaye,bidaaye,bdaaye,biddaaye,bdadaaye,bdaadaye,bdaadiye,bdaadiyye,bdaddaaye
arabizi_to_arabic,yiqtul,يقتل,يقتل,يقطل,,,,,,,,
arabizi_to_arabic,3aashir,عاشر,عاشر,,,,,,,,,
arabic_to_arabizi,انقشاع,2inqishaa3,2inqishaa3,2inqishi3,2inqaasha3,2inqaashi3,2inqashaa3,2inqasha3,,,,
arabic_to_arabizi,مواساة,muwaasaa,mwaasaase,muwaasaa,mwaasaa,muwaasa,mawaasa,mwaasaasa,mawaase,mwaasa,mwaasaa2a,muwaasaase
arabizi_to_arabic,2istiqdaam,استقدام,استقدم,استقدمام,,,,,,,,
arabic_to_arabizi,نعمة كريم,ni3mit kariim,na3mit kriim,na3me kariim,ni3mit kriim,na3me kurmiyye,na3me kariime,na3mit krim,na3me kriime,na3me kriim,na3mit kariim,na3me kramiyye
arabic_to_arabizi,طوق,tooq,tooq,tuuq,tawwiq,tawwaq,tuwaq,,,,,
arabizi_to_arabic,taasi3,تاسع,تاسع,طاسع,تاصع,طاصع,,,,,,
arabizi_to_arabic,baliid,بليد,بليد,بليض,,,,,,,,
arabic_to_arabizi,حرول,7arwal,7ruul,7arwil,7arwal,,,,,,,
arabizi_to_arabic,2injid,انجد,انجد,,,,,,,,,
arabizi_to_arabic,wjuuh,وجوه,وجه,,,,,,,,,
arabizi_to_arabic,yutbul,يطبل,يطبل,يتبل,,,,,,,,
arabizi_to_arabic,daa2 2issufur,داء الصفر,داء السفر,دا أسفر,داف السر,داف السور,داء الصفر,دا السفر,دائف السر,دا أسف الرس,داف الصر,داف السرو
arabic_to_arabizi,شادد,shaadid,shaadid,shaadad,,,,,,,,
arabizi_to_arabic,tshabraq2,تشبرق,تشبرق,تشربق,,,,,,,,
arabizi_to_arabic,2iqfil,اقفل,اقفل,,,,,,,,,
arabic_to_arabizi,يخوش,ykhawwish,ykhawwish,ykhoosh,ykhuush,,,,,,,
arabic_to_arabizi,سود,sawwid,sawwad,sawwid,suud,sood,suwad,suwadd,suwwad,suwwid,,
arabizi_to_arabic,yinqitif,ينقطف,ينقطف,,,,,,,,,
arabizi_to_arabic,yghayyir,يغير,يغير,,,,,,,,,
arabic_to_arabizi,يمتص,yimtass,ymattis,ymassit,yimtis,yumtus,ymastis,yimtas,yimtass,,,
arabic_to_arabizi,واكب,waakib,waakib,waakab,,,,,,,,
arabic_to_arabizi,مشقي,mashqi,mishqi,mushaqi,mshaqi,mshaqqi,mashshiiq,mashaqi,mashshaqi,mashqi,mushshaqi,mashshiqi
arabizi_to_arabic,tanfiiz,تنفيذ,تنفيز,تنفيظ,تنظيف,,,,,,,
arabizi_to_arabic,yitkalka3,يتكلكع,يتكلع,يتكلكع,,,,,,,,
arabic_to_arabizi,ولدنة,waldane,loodane,waldane,loodine,waldine,wildane,lawdane,wildine,ladwane,lawladane,lawadne
arabizi_to_arabic,2inda3as,اندعس,اندعس,اندعص,,,,,,,,
arabizi_to_arabic,lammam,لمم,لمم,لممم,,,,,,,,
arabic_to_arabizi,دواوين,dawawiin,dawawiin,dawaawiin,dawawaaniin,dawawaani,dwawaawiin,duwwaani,dawawawiin,dawawaayin,duwawaani,dwaawiin
arabizi_to_arabic,yisra7,يسرح,يسرح,يصرح,,,,,,,,
arabic_to_arabizi,حادر,7aadir,7aadir,7aadar,,,,,,,,
arabizi_to_arabic,maqkaa7iif,مقاحيف,مقاحيف,مقافيح,,,,,,,,
arabizi_to_arabic,qatlidj,قطلج,قتلج,قطلج,قلج,,,,,,,
arabizi_to_arabic,fawwit,فوت,فوت,فوط,,,,,,,,
arabic_to_arabizi,انضبع,2indibi3,2indaba3,2indibi3,2indabi3,,,,,,,
arabizi_to_arabic,njuum 3izz 2idduhur,نجوم عز الظهر,نجم عظهر,نجم عظهر الظه,نجم عظهرة,نجم عظه الظهر,نجم عظهر ا,نجم عظهر الز,نجم عظهرة الظه,نجم عظهر الد,نجم عظه ارض,نجم عظهر الذ
arabizi_to_arabic,tabshuur,طبشور,تبشور,طبشور,,,,,,,,
arabizi_to_arabic,kharmash,خرمش,خرمش,,,,,,,,,
arabic_to_arabizi,انخبل,2inkhibil,2inkhibil,2inkhabal,,,,,,,,
arabic_to_arabizi,تنفذ,tnaffaz,tnaffaz,tnaffad,,,,,,,,
arabizi_to_arabic,fawwaz,فوز,فوز,,,,,,,,,
arabizi_to_arabic,shaayit,شايط,شايط,,,,,,,,,
arabic_to_arabizi,قوالب,qawaalib,qawaalib,qwaalib,qkawaalib,quwaalib,qwaalab,qkgawaalib,qgawaalib,qwawaalib,quulaab,qgoolaab
arabizi_to_arabic,yi7tilim,يحتلم,يحتلم,,,,,,,,,
arabic_to_arabizi,قروصة,qarwase,qarwase,qarwasa,qruuse,quruuse,qruusa,quruusa,qarsuusa,qarsuuse,qursuusa,qursuuse
arabic_to_arabizi,قصفة,qusfe,qasfe,qusfe,qisfe,qasafe,qusafe,,,,,
arabic_to_arabizi,اقتحم,2iqta7am,2iqti7im,2iqta7am,2iqta7im,,,,,,,
arabizi_to_arabic,madaabir,مدابر,مدابر,مضابر,,,,,,,,
arabizi_to_arabic,2injarad,انجرد,انجرد,,,,,,,,,
arabizi_to_arabic,yitnakkah,يتنكه,يتنكه,,,,,,,,,
arabic_to_arabizi,عت,3att,3att,3itt,,,,,,,,
arabic_to_arabizi,عر,3irr,3arr,3irr,3urr,,,,,,,
arabic_to_arabizi,بالطو,baalto,baaluut,baluut,balaawit,balawit,balaawat,balawat,balaatu,balaatuut,balaato,balawwit
arabic_to_arabizi,ينلهد,yinlihid,yinlihid,yinlahid,yinlahad,,,,,,,
arabizi_to_arabic,khamiir,خمير,خمير,,,,,,,,,
arabic_to_arabizi,فحل,fa7il,fa77il,fa77al,fa7al,fa7il,,,,,,
arabic_to_arabizi,لسن,lassan,lassan,lassin,lsann,lisin,salan,lasan,sallin,lsin,sallan,lsan
arabic_to_arabizi,أخو الميت,2akhol miyyet,2akhu 2ilmiyyat,2akhwal 2imti,2akhw 2ilmiyyat,2akhu 2ilmayyit,2akhw 2ilmayyit,2akhwil 2imti,2akhu 2ilmayyat,2akhkhu 2ilmiyyat,2akhaw 2ilmiyyat,2akhkhu 2ilmayyat
arabizi_to_arabic,mkharmin,مخرمن,مخرمن,,,,,,,,,
arabic_to_arabizi,يشمل,yishmal,yshammil,yishmil,yishmal,,,,,,,
arabic_to_arabizi,بجاه النبي,bijaah 2innabi,bajaaha 2ilbeen,bijaaha 2ilbeen,bajaah 2ilbeen,bijaah 2ilbeen,bajaaho 2ilbeen,bajaahil 2ilbeen,bijaaha 2ilbini,bijaaha 2ilbin,bajaaha 2ilbin,bijaaha 2ilbinni
arabic_to_arabizi,مقاطع,maqaati3,maqaati3,mqaati3,muqaati3,mqaata3,muqaata3,muqqaati3,muqqaata3,,,
arabizi_to_arabic,2a7aqqiyye,أحقية,أحقية,,,,,,,,,
arabizi_to_arabic,2iqba3,اقبع,اقبع,,,,,,,,,
arabic_to_arabizi,لا حمد ولا جميلة,laa 7amd wala jmiile,laa 7admit 2ilwe,laa 7amid wala jile,laa 7amid wala jmiyye,laa 7amid wala jmiile,laa 7amid wala jmile,laa 7amid wala jiile,laa 7amid wala jaliyye,laa 7amid wala jmiil,laa 7amid wala jmaaliyye,laa 7amid wala jaaliyye
arabic_to_arabizi,غشش,ghashshash,ghashshash,ghashshish,ghashash,ghashghash,ghashghish,ghushush,ghushash,ghushsh,ghushshush,
arabizi_to_arabic,2a3war,أعور,أعور,,,,,,,,,
arabic_to_arabizi,لإجري,la2ijri,2iljari,2iljiri,2ijlari,2ijliri,2ijliir,2ijliiri,2ijalari,2ijalri,2ijaliir,2ijalir
arabizi_to_arabic,ylawwish,يلوش,يلوش,,,,,,,,,
arabic_to_arabizi,يماحك,ymaa7ik,ymaaki7,ymaa7ik,,,,,,,,
arabizi_to_arabic,2imm,إم,ام,إم,أم,,,,,,,
arabizi_to_arabic,2ammam,أمم,أمم,أم,,,,,,,,
arabic_to_arabizi,يتقنعر,yitqan3ar,yitqan3ar,yitqanqar,yitqkan3ar,yitqanqa3,yitkan3ar,yitkanqar,yitkanqa3,,,
arabizi_to_arabic,hiba,هبة,هيب,هبا,هبى,,,,,,,
arabic_to_arabizi,يتزفت,yitzaffat,yitzaffat,yitzaftat,yitzaftaf,,,,,,,
arabizi_to_arabic,kabsh qrunful,كبش قرنفل,كبش فرن,كبش رنف,كبش رفن,كبش رفون,كبش فرون,كبش قرنف,كب فرقل,كبش رنفل,كب فرنك,كبش قرفل
arabic_to_arabizi,اقسى,2iqsa,2iqsa,2isqa,2uqsu,2uqsa,2usqa,2usqu,,,,
arabic_to_arabizi,شان,shaan,shaan,,,,,,,,,
arabic_to_arabizi,محنك,m7annik,m7annik,m7annak,mu7annak,mu7annik,mu7kin,mu7ank,mu7kan,mu7kun,mu7ankin,mu7ankan
arabizi_to_arabic,2ajbaan,أجبان,أجبان,,,,,,,,,
arabic_to_arabizi,جودل,djoodal,joodal,joodil,jawdal,jawdil,juuduul,juduul,juudal,jawadil,juudil,juwadal
arabic_to_arabizi,بز,bizz,bazz,bizz,buzz,,,,,,,
arabic_to_arabizi,إبن الضرة مامنوش مسرة,2ibn 2iddurra maminuush masarra,binin 2ilmarde wumishara,binin 2ilmarde wumish 2irdama,2ibin 2ilmin 2ishrduum 2ishra,2ibin 2ilmin 2ishrduum 2ishshra,2ibin 2ilmin 2ishrduum shamit shara,2ibin 2ilmin 2ishrduum shamit shra,2ibin 2ilmin 2ishrduum shammit shara,2ibin 2ilmin 2ishrduum shamit shamra,2ibin 2ilmin 2ishrduum shamit shaara,2ibin 2ilmin 2ishrduum shamit 2inara
arabizi_to_arabic,kaluushe,كالوشة,كلوشة,,,,,,,,,
arabizi_to_arabic,majra 2innafas,مجرى النفس,مجرى النسف,مجرى النفس,مجرى النصف,مجرى النس,مجرى أنفس,مجرا النسف,مجر النفس,مجر النسف,مجرى أنسف,مجرا النفس
arabic_to_arabizi,قهوة شقرا,qahwe shaqra,qoo shara,qahwit sharaaq,qoo sharaaqa,qoo sharaaq,qahwit shara,qahwit shiraaq,qahwit sharaa,quhwit sharaaq,qawwit sharaaq,qahwishit raaqha
arabic_to_arabizi,حيايا,7ayaaya,7yaaya,7ayaaya,7iyaaya,7ayyaa,7ayya,7ayyaaya,7ayyaan,7ayyaay,,
arabic_to_arabizi,دربزين,darabziin,darbaziin,darbiizin,darbziin,darbiizan,darbizin,darbiizen,darbiizn,darbazziin,darbiizni,darbiizniz
arabic_to_arabizi,استحسن,2ista7san,2ista7sin,2ista7san,,,,,,,,
arabic_to_arabizi,اغصب,2ighsib,2ighsab,2ighsib,2ughsub,2usghub,2usaghab,2usaghghab,2usaghub,2usaghghub,,
arabic_to_arabizi,تحزب,t7azzab,t7azzab,,,,,,,,,
arabic_to_arabizi,اعجب,2i3jib,2i3jib,2i3jab,2ij3ab,2ij3ib,,,,,,
arabizi_to_arabic,masri,مصري,مسري,مصري,مثري,مثر,,,,,,
arabizi_to_arabic,mistaz2ib,مستذئب,مستذئب,مستزب,مستزئب,مستأذب,مستأبذ,مستأبز,مستأب,مستأبي,,
arabizi_to_arabic,2itlaf,اتلف,اتلف,اطلف,,,,,,,,
arabizi_to_arabic,mda3bal,مدعبل,مدعبل,مضعبل,,,,,,,,
arabic_to_arabizi,حامض,7aamid,7aamid,7aamad,,,,,,,,
arabic_to_arabizi,ترواق,tirwaak,trawaaq,trawwaaq,tarwaaq,trawaaqaq,trawaaqa2,trawaaqa,tarwaaquq,tarwaaqu2,,
arabic_to_arabizi,فقر و نقر,fuqur wunuqur,fiq runuq,faqq runuq,fuq runuq,fiqir wunuqur,fiq ruunuq,faqqir wunar,faqqar wunar,faqqir wunuqur,faqqir wunuq r,faqqir wunuq raq
arabic_to_arabizi,اجرح,2ijra7,2ijra7,2ijri7,,,,,,,,
arabizi_to_arabic,yitwaaza,يتوازى,يتوازى,يتواذى,,,,,,,,
arabizi_to_arabic,maakhid,ماخذ,ماخذ,ماخد,ماخض,,,,,,,
arabic_to_arabizi,اخصي,2ikhsi,2ikhsi,,,,,,,,,
arabic_to_arabizi,امتاز,2imtaaz,2imtaaz,,,,,,,,,
arabizi_to_arabic,yuqbud,يقبض,يقبض,يقبد,,,,,,,,
arabic_to_arabizi,استبعد,2istab3ad,2istab3id,2istab3ad,2istabda3,2istabdi3,,,,,,
arabizi_to_arabic,7asham,حشم,حشم,,,,,,,,,
arabizi_to_arabic,seer,سير,صير,سير,,,,,,,,
arabic_to_arabizi,تعزيم,ta3ziim,ta3ziim,,,,,,,,,
arabic_to_arabizi,عطن,3attin,3attin,3attan,3atan,3utun,,,,,,
arabizi_to_arabic,2unkut,انكت,انكت,,,,,,,,,
arabizi_to_arabic,sha3bi,شعبي,شعب,,,,,,,,,
arabizi_to_arabic,2ittiraari,اضطراري,اتطراري,اتطرير,اتطارير,اتطاري,اتطرارير,اتيرار,اتيراري,اتيرة,اتيرى,
arabizi_to_arabic,talli3,طلع,تلع,طلع,,,,,,,,
arabic_to_arabizi,انلهط,2inlihit,2inlahat,2inlihit,,,,,,,,
arabizi_to_arabic,sha3lal,شعلل,شعل,شعلل,,,,,,,,
arabic_to_arabizi,ملغوم,malghuum,malghuum,mlaghwim,mlaghwam,mlooghim,mlaghmuum,mloogham,mloomigh,mloomagh,mloomaghgh,mloomaghghim
arabizi_to_arabic,mdoo7is,مدوحس,مدوحس,,,,,,,,,
arabic_to_arabizi,رقط,ra22at,raqqit,raqqat,raqat,ruqut,ruqat,,,,,
arabizi_to_arabic,2ighfal,اغفل,اغفل,,,,,,,,,
arabizi_to_arabic,2inghazz,انغز,انغز,,,,,,,,,
arabizi_to_arabic,tjammar,تجمر,تجمر,,,,,,,,,
arabizi_to_arabic,da33as,دعس,دعس,,,,,,,,,
arabic_to_arabizi,شاقق الأرض وطالع منها,shaaqiq 2il2ard wutaali3 minha,shaaqiq 2il2ard wumin 3atilha,shaaqiq 2il2ard wutaa3 minha,shaaqiq 2il2ard wumin 3atha,shaaqiq 2il2ard wumin 3aatilha,shaaqiq 2il2ard wumin 3atil2a,shaaqiq 2il2ard wumin 3atilhaa,shaaqiq 2il2ard wutaa3 min 2il2ard,shaaqiq 2il2ard wumin 3at 2il2ard,shaaqiq 2il2ard wumin 3at 2il2ardo,shaaqiq 2il2ard wutaa3 min 2il2aha
arabic_to_arabizi,زبالة,zbaale,zbaale,zabbaale,zabaale,zibaale,zibbaale,zbaala,zbaalaale,zbaalale,zbaalaa,
arabizi_to_arabic,hutuul,هطول,هطول,هتول,,,,,,,,
arabic_to_arabizi,يتواحى,yitwaa7a,yitwaa7a,,,,,,,,,
arabizi_to_arabic,nazzih,نزه,نزه,نظه,نظي,,,,,,,
arabic_to_arabizi,طهق,tihi2,tahhaq,tahhiq,tahaq,tuhuq,tahiq,tahha2,hattaq,taha2,hattiq,hataq
arabizi_to_arabic,radi7,ردح,ردح,رضح,,,,,,,,
arabic_to_arabizi,فصعة,fas3a,fas3a,,,,,,,,,
arabic_to_arabizi,تقرطس,tqartas,tqartas,,,,,,,,,
arabic_to_arabizi,يفقد,yifqid,yfaqqid,yifqad,yifqid,,,,,,,
arabic_to_arabizi,تشريح,tashrii7,tashrii7,,,,,,,,,
arabizi_to_arabic,fusuuq,فسوق,فسوق,فصوق,,,,,,,,
arabic_to_arabizi,انشخط,2inshikhit,2inshikhit,2inshakhat,2inkhishit,2inkhashat,,,,,,
arabic_to_arabizi,مجاور,mujaawir,majaawir,mjaawir,mjawaar,mujaawir,mjawwaar,mjaawar,mjawaarir,mujaawar,,
arabic_to_arabizi,تبطر,tbattar,tbattar,,,,,,,,,
arabic_to_arabizi,يعج,y3idjdj,y3ijj,yi3j,y3ijdj,y3ajj,y3ujj,yu3j,y3ajdj,,,
arabizi_to_arabic,zaakye,زاكية,زاكية,ذاكية,زايكة,زاية,,,,,,
arabizi_to_arabic,7adaaya,حدايا,حدايا,حضايا,حديا,حضيا,حدياية,حدياة,حدياي,حديايا,حضياة,حضاية
arabizi_to_arabic,naaqish,ناقش,ناقش,,,,,,,,,
arabizi_to_arabic,tayyib,طيب,طيب,تيب,تييب,,,,,,,
arabizi_to_arabic,maskhuut,مسخوط,مسخوط,,,,,,,,,
arabic_to_arabizi,اتكثف,2itkassaf,2itkassaf,2itkathsaf,2itkattaf,2itkatthsaf,2itkathkaf,2itkatthaf,2itkathtaf,2itkatthkaf,2itkatthtaf,2itkaththaf
arabic_to_arabizi,مختون,makhtuun,makhtuun,mkhootin,mukhtuun,mkhawtin,mkhatwin,mkhawtan,mkhootan,mkhatwan,,
arabic_to_arabizi,سمم,sammam,sammim,sammam,simim,samam,simam,,,,,
arabic_to_arabizi,اشتري,2ishtiri,2ishtiri,2ishtari,,,,,,,,
arabizi_to_arabic,ruzz khabaabiis,رز خبابيص,رزي خباس,رزي خبصة,رزي خباص,رزي خبراس,رزي خباصة,رزي خبيصة,رزيها باس,رزيز خباس,رزيخة باس,رزيها بالص
arabic_to_arabizi,استسلم,2istaslam,2istaslam,2istaslim,,,,,,,,
arabizi_to_arabic,yitsaahal,يتساهل,يتساهل,يتصاهل,,,,,,,,
arabic_to_arabizi,خبز,khubiz,khabaz,khabbiz,khubuz,khabbaz,khabiz,khubaz,,,,
arabizi_to_arabic,2itlawwa3,اتلوع,اتلوع,,,,,,,,,
arabizi_to_arabic,yush3ur,يشعر,يشعر,,,,,,,,,
arabizi_to_arabic,2imwadhdhi7,موذح,اموذح,موذح,موظه,موضح,امودح,اموظه,اموظح,اموده,موظح,امودهح
arabizi_to_arabic,tkaddar,تكدر,تكدر,,,,,,,,,
arabic_to_arabizi,اذبل,2idbal,2izbil,2izbal,2uzbul,2idbil,2idbal,2idhbil,2udbul,2udhbul,2idhbal,
arabic_to_arabizi,يترتر,ytartir,yitrattar,yitratrat,,,,,,,,
arabizi_to_arabic,m3arraj,معرج,معرج,,,,,,,,,
arabizi_to_arabic,7abruuq,حبروق,حبروق,,,,,,,,,
arabizi_to_arabic,balbis,بلبص,لبص,لبس,بلبص,بلبس,,,,,,
arabic_to_arabizi,زلق,zallaq,zalliq,zallaq,zalaq,ziliq,ziluq,,,,,
arabizi_to_arabic,saydalaani,صيدلاني,سيدالن,سيدالين,صيدالين,سدايلن,سدلاين,سدايل,صيداني,صديالين,صديلاني,سديلاني
arabizi_to_arabic,mustakhdam,مستخدم,مستخدم,مستخذم,,,,,,,,
arabic_to_arabizi,صر,sarr,surr,sarr,sirr,,,,,,,
arabizi_to_arabic,daffi,دفي,دفي,ضفي,ضاف,,,,,,,
arabizi_to_arabic,3unuq,عنق,عنق,عنوق,,,,,,,,
arabic_to_arabizi,مضمون,madmuun,madmuun,mdoomin,mdooman,mdammuun,mdamwan,mdamwin,mdawmin,mdawman,,
arabizi_to_arabic,yirwish,يروش,يروش,,,,,,,,,
arabic_to_arabizi,اسطح,2ista7,2ista7,2isti7,,,,,,,,
arabizi_to_arabic,nassal,نسل,نسل,نصل,,,,,,,,
arabic_to_arabizi,ينشد,yinshid,yinshadd,ynashshid,yinshid,yinshidd,,,,,,
arabic_to_arabizi,بقلل,baqklil,baqlil,baqlal,buqlul,baqklil,baqklal,buqlal,buqklul,buqlil,buqklal,buqkl
arabizi_to_arabic,karrir,كرر,كرر,كر,,,,,,,,
arabic_to_arabizi,بندقاية,bundu2aaye,bandaaqiyye,bindiqaaye,bunduqaaye,bandiqaaye,bundaaqiyye,bandaaqaye,bandaaqiyyye,bandaaqiye,bundaaqaye,bindaaqiyye
arabizi_to_arabic,mbarbash,مبربش,مبربش,,,,,,,,,
arabic_to_arabizi,البخ,2ilbakh,2ilbakh,2ilbakhkh,2ilbukh,2ulbukh,2ilbikh,,,,,
arabizi_to_arabic,saliim,سليم,سليم,صليم,,,,,,,,
arabic_to_arabizi,يضبط,yizbat,ydabbit,yidbat,yidbut,yidbit,,,,,,
arabic_to_arabizi,اسرع,2isri3,2isra3,2usru3,,,,,,,,
arabizi_to_arabic,damm 2izzaghluul,دم الزغلول,دم الزغلول,دم الغزول,دم الغزل,دم اللزغلول,دم الغزلول,دم الصغزول,دم اللغزول,دم الذول,دم الذغل,دم اللزغل
arabic_to_arabizi,يتحرش,yit7arrash,yit7arrash,,,,,,,,,
arabizi_to_arabic,2it7arram,اتحرم,اتحرم,,,,,,,,,
arabic_to_arabizi,ممسك,mamsak,mamsak,mamsik,msammik,msammak,mumsakk,mumsak,mumsik,mumassak,mumassik,mumsakkik
arabic_to_arabizi,لغة,lugha,ghalle,laghgha,lagha,laghghe,lughgha,ghulle,lughghe,ghille,lighgha,lugha
arabic_to_arabizi,يعرم,y3arrim,y3arrim,yi3rim,yi3ram,yi3rum,,,,,,
arabic_to_arabizi,بيهق بحاله هق,bihuqq b7aalo haqq,beeqo b7aalo,beeqo b7aaqo,beeqo b7aaqqo,beeqo bi7aalo,biih qa7ib 2ilo,beeqo b7aaqo laha,beeqo b7aaqqo laha,beeqo b7aalo qaahalo,beeqo b7aalo qaha,beeqo b7aaqo laaha
arabic_to_arabizi,اتحدى,2it7adda,2it7adda,,,,,,,,,
arabizi_to_arabic,biddi 2aruddillo 2issaa3 saa3een,بدي أردله الصاع صاعين,بدي العصد العره,بدي العدرة السه,بدي العدين السره,بديد العراسه العاليه,بدي العراسه العالينه,بديد العراسه العالينه,بديد العراسه العصدانه,بديد العراسه العصدينه,بديد العرة السه العدالعنه,بديد العرة السه العالعدانه
arabizi_to_arabic,lam,لم,لم,,,,,,,,,
arabic_to_arabizi,يتلكع,yitlakka3,yitlakka3,,,,,,,,,
arabic_to_arabizi,اكري,2ikri,2ikri,2ukri,,,,,,,,
arabizi_to_arabic,2ikbish,اكبش,اكبش,,,,,,,,,
arabic_to_arabizi,دنق,dannig,dannaq,danniq,danaq,danna2,,,,,,
arabizi_to_arabic,ylimm,يلم,يلم,,,,,,,,,
arabizi_to_arabic,diff,دف,دف,ضف,,,,,,,,
arabic_to_arabizi,ما صدقت مصاديق الله,maa saddaqit masaadiiq 2alla,maa qaddit 2isssaal milha,maa qaddit 2isssaal milhaa,maa qaddit 2isssaal maaliiq,maa qaddit 2isssaal maaliil,maa qaddit 2isssaal maaliqil,maa qaddit 2isssaal maaliiql,maa qaddit 2isssaal maaaliiq,maa qaddit 2issssaal maaliiq,maa qaddit 2issssaal maaaliiq,maa qaddit 2issssaaal maaliiq
arabic_to_arabizi,مناجل,manaajil,manaajil,minjaal,munaajil,minaajil,munjaal,munaajal,mindjaal,minaajal,,
arabizi_to_arabic,dalghas,دلغص,دلغص,دلغس,,,,,,,,
arabizi_to_arabic,3aawin,عاون,عاون,,,,,,,,,
arabizi_to_arabic,saffal,سفل,سفل,صفل,,,,,,,,
arabizi_to_arabic,taayih,تايه,طايه,تايه,,,,,,,,
arabizi_to_arabic,rfiiq 2il3umur,رفيق العمر,رفق العمر,رفق العم,رفق العمرة,رفيق العمر,رفق العرم,رفق العمي,رفق العمار,رفق العروم,رفيق العم,رفق العمال
arabizi_to_arabic,tfahman,تفهمن,تفهمن,,,,,,,,,
arabizi_to_arabic,2ab7aas,أبحاث,أبحاص,أبحاس,,,,,,,,
arabizi_to_arabic,madrase,مدرسة,مدرسة,,,,,,,,,
arabic_to_arabizi,فحج,fa7aj,fa77ij,fa77aj,fa7aj,,,,,,,
arabic_to_arabizi,يعين,y3iin,y3ayyin,y3iin,,,,,,,,
arabizi_to_arabic,tnazzam,تنظم,تنظم,تنزم,تنذم,,,,,,,
arabizi_to_arabic,2ajrad,أجرد,أجرد,,,,,,,,,
arabizi_to_arabic,2ibdjar,ابجر,اتبجر,ابجر,,,,,,,,
arabizi_to_arabic,qabir,قبر,قبر,,,,,,,,,
arabizi_to_arabic,mba77ir,مبحر,مبحر,,,,,,,,,
arabic_to_arabizi,يدلدل,ydaldil,ydaldil,,,,,,,,,
arabizi_to_arabic,faa3il,فاعل,فاعل,,,,,,,,,
arabic_to_arabizi,عشيرة,3ashiire,3ashiira,3ashiire,3usheera,3isheera,3ishiira,3asheera,3ishyara,3ashyara,3ishiire,3ishyera
arabic_to_arabizi,هلمنة,halmane,halmane,hilmane,hilmine,,,,,,,
arabic_to_arabizi,حاحا,7aa7a,7aa7a,7aa7,7aa7aa7,7aa7aa,,,,,,
arabic_to_arabizi,أقلمة,2aqlame,2aqlame,2aqlime,,,,,,,,
arabic_to_arabizi,يحبط,y7abbit,y7abbit,yi7bit,yi7bat,,,,,,,
arabic_to_arabizi,خربط,kharbat,kharbat,kharbit,,,,,,,,
arabizi_to_arabic,matara,مطرة,مطارة,متارى,مطار,مطارى,متارة,مطرة,مطرى,,,
arabizi_to_arabic,thaawash,تهاوش,تهاوش,ثاوش,ثواش,,,,,,,
arabizi_to_arabic,saadiqsaadi2,صادق,سدقاسيد,سدقاسي,صدقاسي,صدقاسيد,صدقاصد,سداقيس,صداقيص,سداقيد,سدقائد,سدقاصد
arabic_to_arabizi,جائز,jaa2iz,jaa2iz,,,,,,,,,
arabizi_to_arabic,jaam3a,جامعة,جامعة,جماعة,جمعة,,,,,,,
arabic_to_arabizi,يفرول,yfarwil,yfarwil,,,,,,,,,
arabic_to_arabizi,قعش,qka3ash,qa3ash,qa33ish,qa3ish,qa33ash,qka33ish,qka3ash,qka33ash,qku3ush,qku3ash,qku3ish
arabizi_to_arabic,7unna,حنا,حنا,حنى,,,,,,,,
arabic_to_arabizi,يلقح,ylaqqi7,ylaqqi7,yilqa7,yilqi7,,,,,,,
arabizi_to_arabic,2istaslam,استسلم,استسلم,استصلم,,,,,,,,
arabizi_to_arabic,gharaf,غرف,غرف,,,,,,,,,
arabizi_to_arabic,yzimm,يزم,يزم,يذم,,,,,,,,
arabic_to_arabizi,تشخص,tshakhkhas,tshakhkhas,,,,,,,,,
arabizi_to_arabic,yghiib,يغيب,يغيب,,,,,,,,,
arabizi_to_arabic,2ifruq,افرق,افرق,,,,,,,,,
arabizi_to_arabic,2in7asir,انحصر,انحصر,انحسر,,,,,,,,
arabizi_to_arabic,2itrashsh,اطرش,اطرش,اترش,,,,,,,,
arabic_to_arabizi,مجموعة,majmuu3a,majmuu3a,mjooma3a,madjmuu3a,mjoomi3a,mjamwa3a,mdjooma3a,mjammuu3a,mjawma3a,mjoom3a,mdjamwa3a
arabizi_to_arabic,riwshe,روشة,روشة,,,,,,,,,
arabic_to_arabizi,فرط,farat,farrat,farrit,farat,,,,,,,
arabizi_to_arabic,yilmas,يلمس,يلمس,يلمص,,,,,,,,
arabizi_to_arabic,shuqleeb,شقليب,شقلبة,شقليب,شقليبة,,,,,,,
arabic_to_arabizi,نعاج,n3aaj,na3aaj,ni3aaj,n3aaj,na3ja,ni3ja,na3jaaj,ni3jaaj,na3jaadj,ni3jaadj,ni3jaa
arabizi_to_arabic,2iqtinis,اقتنص,اقتنص,اقتنس,,,,,,,,
arabic_to_arabizi,يتسهل,yitsahhal,yitsahhal,,,,,,,,,
arabic_to_arabizi,عدايل,3adaayil,3adaayil,3idaayil,3idaayal,3adaayal,3iddaayil,3iddaayal,,,,
arabic_to_arabizi,نق,nuqq,naqq,nuqq,niqq,,,,,,,
arabizi_to_arabic,dallak,دلك,دلك,,,,,,,,,
arabic_to_arabizi,ضعف,da33if,da3af,da33if,da33af,da3if,,,,,,
arabic_to_arabizi,توكس,twakas,twakkas,,,,,,,,,
arabic_to_arabizi,روحه براس مناخيره,roo7o braas manaakhiiro,roo7o braamin sakhari,roo7o birraas minakha,roo7o braas minakhari,roo7o birraaso minakha,roo7o braas min khara,roo7o braaso minakhari,roo7o biraas min khara,roo7o braas min kharaaso,roo7o biraas min kharaa,roo7o biraas min kharaaso
arabizi_to_arabic,2ishtifi,اشتفي,اشتفي,,,,,,,,,
arabic_to_arabizi,تدلدق,2iddalda2,2iddaldaq,2iddalda2,tdaldaq,tdalda2,2idaldaq,2idalda2,,,,
arabic_to_arabizi,يؤجل,y2ajjil,y2ajjil,,,,,,,,,
arabizi_to_arabic,qiime,قيمة,قيمة,,,,,,,,,
arabic_to_arabizi,يحلقم,y7alqim,y7alqim,yi7liq,yi7laqim,yi7laq,yi7liqim,yi7laqqim,,,,
arabizi_to_arabic,ghawwish,غوش,غوش,,,,,,,,,
arabic_to_arabizi,شمر عن ايديك وساعدنا,shammir 3an 2ideek wusaa3idna,shamir 3ana waadiik,shamir 3anaa wadiik,shamar 3aniid waaniik,shamar 3aniid waaaniik,shamir 3ana waadiin sak,shamir 3ana waadiin saak,shamir 3ana waadiin 3asak,shamir 3anaa wadiin 3asak,shamir 3ana waadiin 3asidak,shamir 3ana waadiin 3aasid
arabic_to_arabizi,أساور,2asaawir,2aswaar,2asaawir,2asaawar,2asawaar,2asawir,,,,,
arabizi_to_arabic,3asaafiir batni bitzaqziq,عصافير بطني بتزقزق,عصافق بيرز تينا,عصافة بيرزق تينا,عصافة قبير زنات,عصافة بيرق زنات,عصافة قبير زنا,عصافة بيرق زنا,عصافة بيرق زناتي,عصافة قبير زناتي,عصافق بيرز تينات,عصافق بيرزيت بانا
arabizi_to_arabic,ytaali3,يطالع,يطالع,يتالع,,,,,,,,
arabic_to_arabizi,حامل محمل,7aamil m7ammal,7aamil m7al,7aamil m7aml,7aamil m7alam,7aamil m7amil,7aamil ma7lam,7aamil mil7am,7aamil m7amal,7aamil mi7mil,7aamil ma7l,7aamil m7ammil
arabizi_to_arabic,thari,ثري,ثري,طهري,تهري,ثاري,طهر,,,,,
arabizi_to_arabic,mzargin,مزرقن,مزرقن,,,,,,,,,
arabic_to_arabizi,يتشحتف,yitsha7taf,yitsha7taf,,,,,,,,,
arabizi_to_arabic,rassab,رسب,رصب,رسب,,,,,,,,
arabic_to_arabizi,واسطة,waasta,waasata,waasta,wasaata,waasita,waasuuta,waasuta,waasuute,waasute,,
arabic_to_arabizi,ينطز,ynattiz,yintuz,yintazz,ynattiz,,,,,,,
arabic_to_arabizi,بركة,barake,barke,burke,,,,,,,,
arabic_to_arabizi,يتمصوع,yitmaswa3,yitmaswa3,,,,,,,,,
arabizi_to_arabic,2ittaawaq,اتطاوق,اتطاوق,,,,,,,,,
arabizi_to_arabic,ki7i,كحي,كحي,,,,,,,,,
arabizi_to_arabic,yistahdif,يستهدف,يستهدف,يستهفد,يستهضف,يستهفض,يستهفظ,يستهفظي,,,,
arabic_to_arabizi,تغامز,tghaamaz,tghaamaz,,,,,,,,,
arabic_to_arabizi,فرسمونا,farsamuuna,farsuumaan,farsuuman,farsumaan,farsoomaan,farsooman,farmuusaan,farsuumana,farsuman,farsumuna,farmuunaas
arabizi_to_arabic,nassib,نصب,نصب,نسب,,,,,,,,
arabizi_to_arabic,fattuush,فتوش,فتوش,فطوش,,,,,,,,
arabizi_to_arabic,ma3at,معط,معط,معت,,,,,,,,
arabic_to_arabizi,مدرع,mdarra3,mdarri3,mdarra3,midra3,mudra3,mudarri3,mudarra3,midri3,mudri3,,
arabic_to_arabizi,دك,dikk,dakk,dikk,dukk,,,,,,,
arabic_to_arabizi,انده,2indah,2inhadd,2indah,2indahh,2inhid,2indahd,2indih,2indahah,2indaha,,
arabizi_to_arabic,t3azran,تعزرن,تعزرن,تعذرن,تعظرن,,,,,,,
arabizi_to_arabic,3ala raasi min fooq,على راسي من فوق,على رق من فوسه,على رقفى من سه,على فرق من سه,على رقف من سه,على رقي من فوسه,على رقفي من سه,على رق من في سه,على رقى من فوسه,على رق في من سه,على رق في من سومه
arabic_to_arabizi,يتعاون,yit3aawan,yit3aawan,,,,,,,,,
arabizi_to_arabic,2ikhtibir,اختبر,اختبر,,,,,,,,,
arabizi_to_arabic,zughubri,زغبري,زغبر,زغبور,زغبري,,,,,,,
arabic_to_arabizi,بكرية,bikriyye,bakriyye,bukriyye,bukre,bkarriyye,bkarkiyye,bkriyye,bkirriyye,bkurkiyye,bkariyye,bkurriyye
arabizi_to_arabic,nashaz,نشز,نشز,نشذ,نشاز,نشاذ,نشاظ,,,,,
arabic_to_arabizi,خذلان,khizlaan,khazlaan,khadlaan,khuzlaan,khadalaan,khizlaan,khudlaan,khidlaan,khudalaan,khudhlaan,khuddalaan
arabizi_to_arabic,y3askir,يعسكر,يعسكر,يعصكر,يعصرك,يعصرق,يعصر,,,,,
arabizi_to_arabic,2ajiid,أجيد,أجيد,,,,,,,,,
arabizi_to_arabic,2istakhlif,استخلف,استخفل,استخلف,,,,,,,,
arabic_to_arabizi,يسلط,ysallit,ysallit,yislut,yislat,yislit,,,,,,
arabic_to_arabizi,يشرت,ysharrit,ysharrit,yishrat,yishrit,yishrut,,,,,,
arabizi_to_arabic,bufteek,بفتيك,بيتفكة,بيتفك,بفتيك,بفتكي,بيفتكة,بيفتك,بفتكة,بيطفكة,بيفتكي,بفتيكة
arabic_to_arabizi,انبحت فرد بحتة,2inba7at fard ba7te,2inba7at tafar bada7a,2inba7at tafir bada7a,2inba7at tafara7 bada,2inba7at tafra7 bada,2inbi7it tifir bida7a,2inba7at tafar bida7a,2inba7at tafarit bada7a,2inba7at tafard ba7abe,2inba7at tafarit bada7,2inba7at tafra7 badaba
arabic_to_arabizi,اغنى,2ighna,2ighna,2ughna,,,,,,,,
arabic_to_arabizi,توجب,twajjab,twajjab,tjawwab,tjoob,tjoobab,,,,,,
arabizi_to_arabic,yghazziz,يغزز,يغزز,يغززز,,,,,,,,
arabizi_to_arabic,na3if,نعف,نعف,,,,,,,,,
arabic_to_arabizi,زبون,zbuun,zbuun,boozan,bazwan,boozin,buzuun,bazwin,bzoon,bzuun,zboon,zabbuun
arabic_to_arabizi,منبع,manba3,mnabbi3,mnabba3,munba33,minba3,munbu3,munba3,minba33,minbi3,,
arabic_to_arabizi,زعانيب,za3aaniib,za3aaniib,za3aniib,za3anaabiib,za3anaaniib,,,,,,
arabizi_to_arabic,yqattir,يقطر,يقتر,يقطر,,,,,,,,
arabic_to_arabizi,جفاصة,jafaasa,jaffaase,jafaase,jfaasa,jaffaasa,jafaasa,jifaase,jfaase,juffaase,juffaasa,djaffaase
arabizi_to_arabic,qarshe,قرشة,قرشة,,,,,,,,,
arabic_to_arabizi,اتحادق,2it7aadaqg,2it7aadaq,,,,,,,,,
arabic_to_arabizi,لفحة هوا,laf7it hawa,lif7a waaha,lif7 waaha,laf7a waaha,lif7it waaha,laffi7 waaha,laffe 7aawa,laffe 7awaa,laf7it waaha,laffa7a waaha,lif7a waahwe
arabizi_to_arabic,nasaa7a,نصاحة,نصاحة,نساحة,,,,,,,,
arabizi_to_arabic,dabshe,دبشة,دبشة,,,,,,,,,
arabic_to_arabizi,استقرار,2istiqraar,2istiqraar,2istiqaar,2istiqar,2istiqaraar,2istiqara,2istiqaarir,2istiqaarar,2istiqaara,,
arabic_to_arabizi,يعبد,yi3bud,y3abbid,yi3bid,yi3bad,yi3badd,,,,,,
arabic_to_arabizi,مطول,mtawwil,mtool,matwil,mtawwil,matwal,mtuul,matuul,mootil,mwattil,mtoolil,mootal
arabizi_to_arabic,3arab,عرب,عرب,,,,,,,,,
arabizi_to_arabic,massaake,مساكة,مساكة,مصاكة,,,,,,,,
arabic_to_arabizi,ينلبخ,yinlibikh,yinlibikh,ynalbikh,,,,,,,,
arabic_to_arabizi,محتشم,mu7tashim,m7atshim,mi7tishim,mu7tashim,m7atsham,mi7tashim,mu7tashshim,,,,
arabizi_to_arabic,la7se,لحسة,لحسة,لحصة,,,,,,,,
arabic_to_arabizi,فخار يكسر بعضه,fakhkhaar ykassir ba3do,fakhkhaar biird 3aso,fakhkhaar raad 3abiis,fakhkhaar riis 3abeed,fakhkhaar raad 3abaso,fakhkhaar biird 3asak,fakhkhaar raabiis 3ak,fakhkhaar riibso 3ad,fakhkhaar raabiis 3ad,fakhkhaar yird 3asabo,fakhkhaar raabiis 3akhad
arabic_to_arabizi,يلجج,yladjdjidj,ylajjidj,yjallidj,yiljadj,yiljudj,yiljidj,yjallij,yladjjidj,ylajjij,ylajdjidj,yiljaj
arabizi_to_arabic,jass,جس,جس,جص,,,,,,,,
arabizi_to_arabic,2inqitif,انقطف,انقطف,,,,,,,,,
arabic_to_arabizi,يدفش,yidfish,ydaffish,yidfish,yidfash,yidfashsh,,,,,,
arabic_to_arabizi,مسكن,musakkin,msakkin,msakkan,muskan,maskan,maskin,muskin,musakkin,musakkan,,
arabizi_to_arabic,3aks 2ittayyaar,عكس التيار,عكس الطريا,عكس التريا,عكس التري,عكس التر,عكس الطري,عكث الريات,عكست الطريا,عكس التراي,عكست التري,عكسة الطريا
arabic_to_arabizi,وبر,wabbar,boor,buur,bawwir,bawwar,wabbir,wabbar,buwar,wibir,wabar,buwwar
arabizi_to_arabic,nashiid,نشيد,نشيد,,,,,,,,,
arabizi_to_arabic,yit3aataf,يتعاطف,يتعاطف,,,,,,,,,
arabizi_to_arabic,qassi,قسي,قصي,قسي,,,,,,,,
arabizi_to_arabic,3araayis,عرايس,عرايس,عرايص,,,,,,,,
arabic_to_arabizi,تبعبل,tba3bal,tba3bal,,,,,,,,,
arabic_to_arabizi,حشرة,7ashra,7ashra,7ashara,7ashshara,7ishre,7ishra,7ashshera,7ashshira,,,
arabic_to_arabizi,منتج,muntij,mantij,mnattij,mintij,muntuj,mantaj,muntajj,mintajj,mnattaj,mantajj,mintaj
arabizi_to_arabic,bakkas,بكس,بكس,بكث,,,,,,,,
arabizi_to_arabic,2it7attam,اتحطم,اتحتم,اتحطم,,,,,,,,
arabizi_to_arabic,jurun,جرن,جرن,جرون,,,,,,,,
arabizi_to_arabic,mu7aasabe,محاسبة,محاسبة,محاصبة,,,,,,,,
arabizi_to_arabic,2imtili,امتلي,امتلي,امتيل,,,,,,,,
arabic_to_arabizi,اتراسل,2itraasal,2itraasal,,,,,,,,,
arabizi_to_arabic,tjaanas,تجانس,تجانس,تجانص,,,,,,,,
arabic_to_arabizi,ابلع,2ibla3,2ibla3,2ibli3,,,,,,,,
arabic_to_arabizi,اقصي,2iqsi,2iqsi,2uqsi,2uqsuyy,2uqsuy,2uqsuye,2uqsuyye,2uqsuyyes,2uqsuyyas,2uqsuyyy,2uqsuyyees
arabic_to_arabizi,عملقة,3amlaqa,3amlaqa,3amlaqka,3umluqa,3umlaqa,3amlaqke,3umluqka,3umluqke,3umluqkka,3umluqkke,
arabic_to_arabizi,انمحن,2inmi7in,2inmi7in,2inma7an,,,,,,,,
arabic_to_arabizi,علل,3allil,3allil,3allal,3alal,3ilil,3ilal,,,,,
arabic_to_arabizi,ثور,thawwar,wassar,wassir,toor,wisir,thawwar,thuur,thawwir,tawwir,tawwar,twassar
arabic_to_arabizi,طرطش,tartish,tartish,tartash,,,,,,,,
arabizi_to_arabic,khaalif tu3raf,خالف تعرف,خالف عاطر,خالف عطر,خالف تعر,خالف تعرف,خلف عاطر,خالف عطرة,خالف عطري,خالف عرطي,خلف عطرة,خالف ترعك
arabic_to_arabizi,يعلب,y3allib,y3allib,yi3lib,yi3lab,,,,,,,
arabic_to_arabizi,حق,7uqq,7aqq,7iqq,7uqq,,,,,,,
arabizi_to_arabic,musawwar,مصور,مساور,مصاور,مسور,مصور,مسوار,مصوار,,,,
arabizi_to_arabic,dunya,دنيا,دنيا,ضنيا,ذنيا,دنية,ضنية,ضنيى,ذنية,ذنيى,,
arabizi_to_arabic,shiik,شيك,شيك,,,,,,,,,
arabic_to_arabizi,مهزلة,mahzale,mahzale,mahzile,mihzile,mhazla,mihzale,mhazle,muhzale,muhzile,muhazle,muhzule
arabizi_to_arabic,khattaar,خطار,خطار,ختار,,,,,,,,
arabizi_to_arabic,yista3tif,يستعطف,يستعطف,يستعفط,يستعفت,,,,,,,
arabic_to_arabizi,اتطابش,2ittaabash,2ittaabash,2ittittaabash,2ittitaabash,2ittitshaabash,2ittitshbaash,2ittitshaab,2ittitshbaab,,,
arabic_to_arabizi,جيزان,jiizaan,jiizaan,jeezaan,jayazaan,jayaazan,jayzaan,jayaazin,jayaazaan,,,
arabic_to_arabizi,مقصب,mqassab,mqassib,mqassab,,,,,,,,
arabic_to_arabizi,قلقيز,kalkiiz,qalqiiz,,,,,,,,,
arabic_to_arabizi,دعبب,da3bib,da3bib,da3bab,,,,,,,,
arabic_to_arabizi,اتفرط,2itfarrat,2itfarrat,,,,,,,,,
arabic_to_arabizi,يتلح,ytalli7,yitla77,ytalli7,yitla7,yitla77a7,,,,,,
arabizi_to_arabic,mghabbish,مغبش,مغبش,,,,,,,,,
arabic_to_arabizi,إرادة,2iraade,2iraade,2irraade,,,,,,,,
arabic_to_arabizi,انرص,2inrass,2inrass,2unrus,2insur,2unsur,2inrus,2insarr,2insir,2inris,2inruss,2insar
arabizi_to_arabic,7uthaalit 2ilqahwe,حثالة القهوة,حثاها القوة,حثاها القوالة,حثاها القولة,حثاهل والقة,حثالة القوها,حثالة وقها,حثاهل والقيلة,حثاهيل والق,حثاهلة والقها,حثاهل والقهوة
arabizi_to_arabic,ybakhkhis,يبخس,يبخس,يبخص,,,,,,,,
arabizi_to_arabic,3addad,عدد,عدد,عد,عضد,عض,عضة,,,,,
arabic_to_arabizi,نضوج,nuduuj,nuduuj,noodij,nawwadj,nooj,noodaj,nawdij,nawadj,nadwij,nawwad,nawwidj
arabic_to_arabizi,ملاليم,malaaliim,malaaliim,mlaaliim,milaaliim,milaalim,millaaliim,milalaamiim,millaamiim,milalim,milaliim,millaalim
arabic_to_arabizi,اخفق,2ukhfuq,2ikhfiq,2ikhfaq,2ukhfuq,2ikhfuq,,,,,,
arabic_to_arabizi,عايي,3aayi,3aayi,,,,,,,,,
arabic_to_arabizi,ادخر,2iddakhar,2idkhar,2idkharr,2idkhur,2idkhir,2ikhdar,2ikhdir,2ikhdarr,,,
arabizi_to_arabic,3uquuq,عقوق,عقوق,عوق,,,,,,,,
arabic_to_arabizi,مقلم,mqallam,mqallim,mqallam,,,,,,,,
arabizi_to_arabic,2itfallakh,اتفلخ,اتفلخ,,,,,,,,,
arabizi_to_arabic,muuharr,موهر,مهور,مهر,مهرور,مهرة,,,,,,
arabizi_to_arabic,khanaajir,خناجر,خناجر,خناجير,,,,,,,,
arabizi_to_arabic,khityaar,ختيار,ختيار,خطاير,خطير,ختير,خطيار,,,,,
arabizi_to_arabic,midwad 2ittaawle,مدود الطاولة,مدودة التالة,مدوا التالة,مدودة التا,مدوة التا,مدوا التا,مدوى التالة,مدواة التالة,مدود التالة,مدودة الثوة,مدوادة التالة
arabic_to_arabizi,أرخ,2arrikh,2arakh,2arrakh,2arrikh,,,,,,,
arabic_to_arabizi,شبعان,shab3aan,shab3aan,shib3aan,shub3aan,,,,,,,
arabic_to_arabizi,معاناة,mu3aanaa,m3aanaa,mu3aanaa,mu3aana,mu3aane,mi3aane,m3aana,m3aane,m3aanaata,mi3aana,m3aanaate
arabizi_to_arabic,yiltiwiq,يلتوق,يلتوق,,,,,,,,,
arabizi_to_arabic,raqa3at di7ke,رقعت ضحكة,رقعة ضحكة,رقعة دحكة,رقعة دحة,رقعت دحكة,رقعط دحكة,رقعت دحيك,رقعة ضحة,رقعة دحك,رقعة ضحك,رقعت حدة
arabic_to_arabizi,قربعة,karba3a,qarba3a,qurba3a,qirba3a,qurbu3a,qurb3a,,,,,
arabic_to_arabizi,عارض,3aarad,3aarid,,,,,,,,,
arabic_to_arabizi,يترمل,yitrammal,yitrammal,,,,,,,,,
arabizi_to_arabic,yoom 2ilqiyaame,يوم القيامة,يوم القية,يوم القيمة,يوم القمة,يوم القمية,,,,,,
arabizi_to_arabic,maalo,ماله,مالو,,,,,,,,,
arabic_to_arabizi,انمسح,2inmasa7,2inmisi7,2inmasa7,2inmasi7,,,,,,,
arabizi_to_arabic,ghatas,غطس,غطس,,,,,,,,,
arabic_to_arabizi,بيض,beed,beed,bayyad,bayyid,bidi,biddi,biid,bidy,bidyy,bidya,bidyya
arabic_to_arabizi,مي,mayy,mayy,mi,miyy,mii,miy,,,,,
arabic_to_arabizi,محتل,mu7tall,m7attil,m7attal,mi7til,ma7til,mu7til,ma7tal,mu7tall,mi7tall,mu7tal,mu7tatil
arabizi_to_arabic,thadjdjas,تهجص,تهجص,تهجس,,,,,,,,
arabizi_to_arabic,hrubbe,هربة,هربة,,,,,,,,,
arabizi_to_arabic,jaa7,جاح,جاح,,,,,,,,,
arabizi_to_arabic,2ahwan bala,أهون بلا,أهون بلا,أهوا نبل,أهون بال,أهوا بنل,أهون باله,أهونا بلا,أهوا بنال,أهون بلى,أهوا بلا,أهوان بلا
arabizi_to_arabic,dibiq,دبق,دبق,ضبق,ذبق,,,,,,,
arabic_to_arabizi,فلص,fallis,fallis,fallas,falas,,,,,,,
arabic_to_arabizi,يتحلل,yit7allal,yit7allal,,,,,,,,,
arabic_to_arabizi,لت,latt,latt,litt,,,,,,,,
arabic_to_arabizi,يتحزمق,yit7azmag,yit7azmaq,yit7azqam,yit7azmag,yit7az7am,yit7az7aq,yit7az7amk,yit7az7amkaz,yit7az7amkam,,
arabizi_to_arabic,2abu haaluuk,أبو هالوك,أبو هولك,أبو هوكل,أبو هالوك,أبو هوالك,آبو هلك,أبو هالك,آبو هولك,آبو خول,أبو هالكول,أبوها خول
arabic_to_arabizi,عليه اجر,3alee 2ijri,3ali jaaro,3ali jara,3ili jaaro,3alii jaro,3ali jarra,3alii jra,3ali jraah,3aliij raah,3alii jraa,3alii jraah
arabic_to_arabizi,ليلخ,leelikh,leelakh,leelikh,laylikh,laylakh,liikhil,liilikh,layyikh,liilakh,liilkhal,liilkhi
arabizi_to_arabic,7awiyye,حوية,حوية,,,,,,,,,
arabizi_to_arabic,naqkriz,نقرز,نقرز,,,,,,,,,
arabic_to_arabizi,وقع سطل بطنه,wiqi3 satil batno,wiqi3 til bino,wiqi3 talbino,wiqi3 tal bino,waq3at salbatno,wiqi3 til batno,waq3at salbo tano,waq3at sala bino,waq3at salat bino,waq3at salab tno,waq3at salbo tno
arabic_to_arabizi,لعب بأعصاب,li3ib bi2a3saab,la3ib 2a3saab,la3ab 2isba3,la3bib 2a3saab,la3ib 2asaabi3,la3ab 2asaabi3,li3bib 2a3saab,la3ab 2isbaa3,la3ib 2a3sabaab,la3ib 2a3sab,la3ab 2is3abaab
arabizi_to_arabic,7abbab,حبب,حبب,حب,حببب,,,,,,,
arabic_to_arabizi,طنة ورنة,tanne wranne,tanne wrane,tanit rune,tanne wurane,tane wurane,tanne wrune,tanne wurne,tane wurne,tane wrane,tanit roone,tanne wurrane
arabic_to_arabizi,أنا,2ana,2anna,2ana,2unna,2anaa,2unnna,2una,2anaa2,2anaan,2unnaa,2unnaa2
arabizi_to_arabic,njaara,نجارة,نجارة,نجارى,نجار,,,,,,,
arabizi_to_arabic,2iddinya 7ayaa 2aw moot,الدنيا حياة أو موت,إيد حنيا ومه,ادي حنيا ومه,إيد نحايا ومه,إيد حنيا واته,إيد حنيا وامه,ادي حنيا وامه,اضي من حواطي,اضي حنيا ومياته,اضي حنياته وميا,الدن حياته وامي
arabizi_to_arabic,nuub,نوب,نوب,,,,,,,,,
arabic_to_arabizi,مهني,mhanni,mhanni,mahni,muhanni,muhni,mahani,muhani,mahanni,,,
arabic_to_arabizi,مقحاف,miqk7aaf,muq7aaf,maq7aaf,mqa77aaf,miq7aaf,mqa7aaf,mqa7af,mqka77aaf,muqk7aaf,mqka7aaf,mqka7af
arabic_to_arabizi,تناسخ,tnaasakh,tnaasakh,,,,,,,,,
arabic_to_arabizi,تمعمل,tma3mal,tma3mal,,,,,,,,,
arabic_to_arabizi,مخاليق,makhaaliiq,makhaaliiq,mukhaaliiq,mkhaaliiq,,,,,,,
arabizi_to_arabic,tfarraz,تفرز,تفرز,,,,,,,,,
arabizi_to_arabic,tawwir,طور,طور,تور,,,,,,,,
arabic_to_arabizi,بعدها,ba3idha,ba3daaha,bi3daaha,bu3daaha,ba3daah,b3addaaha,b3idha,bi3daah,bi3idha,bi3diha,b3addaah
arabic_to_arabizi,جبب,djibab,jabbib,jabab,jabbab,jibib,,,,,,
arabizi_to_arabic,jant,جنط,جنت,جنط,,,,,,,,
arabizi_to_arabic,2im7i,امحي,امحي,إمحي,إمح,,,,,,,
arabizi_to_arabic,shaaliq nii3o,شالق نيعه,شالق نيعه,شالق نعيه,شالق نعه,شالق عينه,شالق نعي,شالق نويعه,شالقي نعه,شالق نوعي,شالق نوعه,شالق نويع
arabic_to_arabizi,يصربع,ysarbi3,ysarbi3,,,,,,,,,
arabic_to_arabizi,سكج,sakkij,sakkij,sakkaj,sakkadj,sakkidj,sikij,sakaj,sikidj,sakadj,sijik,sakak
arabizi_to_arabic,3aknin,عكنن,عكنن,عكننن,عكن,,,,,,,
arabizi_to_arabic,ghiib,غيب,غيب,,,,,,,,,
arabizi_to_arabic,3akkim,عكم,عكم,,,,,,,,,
arabizi_to_arabic,samak,سمك,سمك,سماك,صمك,صماك,,,,,,
arabizi_to_arabic,barquuq,برقوق,برقوق,,,,,,,,,
arabizi_to_arabic,7aayish,حايش,حايش,,,,,,,,,
arabic_to_arabizi,أقسام,2aqsaam,2aqsaam,2asqaam,,,,,,,,
arabic_to_arabizi,نجاسة,najaase,najaase,njaase,nijaase,nujaase,najjaase,nujjaase,,,,
arabizi_to_arabic,shiishe,شيشة,شيشة,,,,,,,,,
arabizi_to_arabic,7asbane,حسبنة,حسبنة,حصبنة,حصبانة,,,,,,,
arabizi_to_arabic,salli,سلي,سلي,صلي,,,,,,,,
arabic_to_arabizi,جلان,glaan,jallaan,jalaan,jlaan,jillaan,jilaan,djlaan,djallaan,djalaan,djillaan,djilaan
arabizi_to_arabic,sawwagh,سوغ,سوغ,صوغ,,,,,,,,
arabic_to_arabizi,بلبص,balbis,balbas,balbis,,,,,,,,
arabic_to_arabizi,شطولة,shtuule,shatwale,shtuule,shutuule,shatwile,,,,,,
arabic_to_arabizi,جوانح,jawaani7,jawaani7,djawaani7,jwaani7,juwaani7,djawani7,djwaani7,juuwaani7,juwwaani7,jwaana7,juunaa7
arabic_to_arabizi,شارب من حليب حمارة,shaarib min 7aliib 7maara,shaarib min 2il7abara,shaarib min 2il7abira,shaarib min 2il7araba,shaarib min 2il7arabi,shaarib min 7abir 2il7a,shaarib min 2il7arrabi,shaarib min 7abir 2il7ame,shaarib min 7abir 2il7ara,shaarib min 7abir 2il7ama,shaarib min 7abir 2il7abir
arabic_to_arabizi,اقتطع,2iqtata3,2iqtata3,2iqtiti3,2iqtati3,,,,,,,
arabic_to_arabizi,اندرم,2indirim,2indirim,2indaram,,,,,,,,
arabic_to_arabizi,قيت,qiit,qayyat,qayyit,qeet,qiit,qiyat,qiyyat,qiyyit,,,
arabic_to_arabizi,مسواطة,miswaata,maswaata,muswaata,msawwaata,musawwaata,miswaata,musawaata,msuwwaata,msootaata,msuwwwaata,msuutaata
arabic_to_arabizi,ملكان,malakaan,malkaan,milkaan,mulkaan,mlakkaan,mlakaan,mlikaan,mlikkaan,,,
arabizi_to_arabic,baanse,بانسة,بانسة,بانصة,,,,,,,,
arabizi_to_arabic,2infat7at manaafsi,انفتحت منافسي,انفتحت مناسي,انفتحة مناس,انفتحت مناس,انفتحت نامسي,انفتحت مساني,انفتحت ناسم,انفتحت مسان,انفتحت منافسي,انفتحت مسينان,انفتحة مناسي
arabizi_to_arabic,fadd,فض,فض,فد,,,,,,,,
arabizi_to_arabic,ynarfiz,ينرفز,ينرفز,ينرفذ,,,,,,,,
arabic_to_arabizi,ذقن,diqin,duqun,daqqin,daqan,qadhdhin,diqin,daqqan,zaqqin,qadhan,qadhdhan,daqin
arabic_to_arabizi,سحاتيت,sa7aatiit,sa7aatiit,sa7aatit,sa7aatiyyat,sa77aatiit,sa7aatiyt,sa7aatiyyet,sa7aatiyyit,sa7aatiyyyaat,sa7aatiyyyat,sa7aatiyyt
arabizi_to_arabic,fari3,فرع,فرع,,,,,,,,,
arabizi_to_arabic,waq3a,وقعة,وقعة,,,,,,,,,
arabizi_to_arabic,sihir,صهر,سهر,صهر,شير,,,,,,,
arabic_to_arabizi,يستقبح,yistaqbi7,yistaqbi7,,,,,,,,,
arabic_to_arabizi,تكحتت,tka7tat,tka7tat,tka7tit,,,,,,,,
arabizi_to_arabic,takhkh,طخ,طخ,تخ,,,,,,,,
arabic_to_arabizi,ونونة,wanwane,wanwane,wannuune,winwane,winwine,,,,,,
arabizi_to_arabic,yirtizi3,يرتزع,يرتزع,,,,,,,,,
arabizi_to_arabic,bawaatiin,بواطين,بواطين,بواتين,,,,,,,,
arabizi_to_arabic,djabashe,جبشة,جبشة,جذبة,جابشة,جذبشة,,,,,,
arabic_to_arabizi,وعد,wa3ad,wa33id,wa33ad,wa3ad,wa3id,,,,,,
arabizi_to_arabic,dakhle,دخلة,دخلة,,,,,,,,,
arabizi_to_arabic,kaddar,كدر,كدر,,,,,,,,,
arabizi_to_arabic,rawaa2i7,روائح,روائح,,,,,,,,,
arabizi_to_arabic,yukfur,يكفر,يكفر,,,,,,,,,
arabic_to_arabizi,تقصع,tqassa3,tqassa3,,,,,,,,,
arabizi_to_arabic,tawziif,توظيف,توزيف,توظيف,توذيف,,,,,,,
arabic_to_arabizi,افسق,2ufsuq,2ifsiq,2ifsaq,,,,,,,,
arabizi_to_arabic,yidwir,يدور,يدور,,,,,,,,,
arabic_to_arabizi,اتحرر,2it7arrar,2it7arrar,,,,,,,,,
arabic_to_arabizi,قطع إجره,qata3 2ijro,qata3 2ijro,qat3 2ijro,qati3 2ijro,qata3 2idjro,qat3 2idjro,qatti3 2ijro,qata3 2irrijho,qata3 2irrajho,qati3 2irrajho,qata3 2irrudjho
arabizi_to_arabic,farq,فرق,فرق,,,,,,,,,
arabizi_to_arabic,2i7qun,احقن,احقن,,,,,,,,,
arabizi_to_arabic,mfookhir,مفوخر,مفوخر,,,,,,,,,
arabic_to_arabizi,ينفتح,yinfiti7,yinfiti7,yinfati7,yinfata7,,,,,,,
arabic_to_arabizi,نكه,nakkih,nakkah,nakkih,nakah,nikih,nikh,nikah,nikha,nikhah,nikhih,nikhi
arabic_to_arabizi,هوا,huwwa,hawwa,hawa,hwa,huwwa,hwaa,huwwwa,huwa,hwaa2,hwaah,
arabic_to_arabizi,طبشورة,tabshuura,tabshuura,batshuura,tbashwara,tbooshara,tbashtuura,bashtuura,tbushuura,tbashruura,butshuura,tbushruura
arabic_to_arabizi,بلش,balash,ballash,ballish,balash,,,,,,,
arabizi_to_arabic,2istiiraad,استيراد,استيراد,استراضي,استيراض,استيراضي,استراديد,استراضيض,استرادي,استرايد,استيراضيض,استرايض
arabizi_to_arabic,2istanjid,استنجد,استنجد,,,,,,,,,
arabic_to_arabizi,انصر,2unsur,2insarr,2insur,2unsur,2insir,2insar,,,,,
arabic_to_arabizi,خباز,khabbaaz,khabaaz,khubbaaz,khubaaz,khabbaaz,khibaaz,khibbaaz,,,,
arabic_to_arabizi,العذراء,2al 3adhraa2,2il3izraa2,2il3azaraa2,2il3izaraa2,2il3adhraa2,2il3azraa2,2il3azar,2il3azara2,2il3adharaa2,2il3izara2,2il3adhara2
arabizi_to_arabic,salqa,سلقة,سلقة,صلقة,سلقى,,,,,,,
arabic_to_arabizi,عينه بيضا,3eeno beeda,3eeno byaada,3eeno byaad,3eeno byada,3eeno beeda,3iino byaad,3iino beeda,3eeno biida,3eeno byaadi,3eeno byaaad,3eeno byaadda
arabic_to_arabizi,تجبر,tjabbar,tjabbar,,,,,,,,,
