epoch,split,length_bucket,correct,total,sequence_accuracy
1,val,0-9,0,2546,0.0
1,val,10-19,0,826,0.0
1,val,20-29,0,80,0.0
1,val,30-39,0,20,0.0
1,val,40-49,0,9,0.0
1,val,50-59,0,1,0.0
2,val,0-9,0,2546,0.0
2,val,10-19,0,826,0.0
2,val,20-29,0,80,0.0
2,val,30-39,0,20,0.0
2,val,40-49,0,9,0.0
2,val,50-59,0,1,0.0
3,val,0-9,0,2546,0.0
3,val,10-19,0,826,0.0
3,val,20-29,0,80,0.0
3,val,30-39,0,20,0.0
3,val,40-49,0,9,0.0
3,val,50-59,0,1,0.0
4,val,0-9,0,2546,0.0
4,val,10-19,0,826,0.0
4,val,20-29,0,80,0.0
4,val,30-39,0,20,0.0
4,val,40-49,0,9,0.0
4,val,50-59,0,1,0.0
5,val,0-9,1,2546,0.00039277297721916735
5,val,10-19,0,826,0.0
5,val,20-29,0,80,0.0
5,val,30-39,0,20,0.0
5,val,40-49,0,9,0.0
5,val,50-59,0,1,0.0
6,val,0-9,14,2546,0.0054988216810683424
6,val,10-19,2,826,0.002421307506053269
6,val,20-29,0,80,0.0
6,val,30-39,0,20,0.0
6,val,40-49,0,9,0.0
6,val,50-59,0,1,0.0
7,val,0-9,76,2546,0.029850746268656716
7,val,10-19,2,826,0.002421307506053269
7,val,20-29,0,80,0.0
7,val,30-39,0,20,0.0
7,val,40-49,0,9,0.0
7,val,50-59,0,1,0.0
8,val,0-9,178,2546,0.06991358994501179
8,val,10-19,17,826,0.020581113801452784
8,val,20-29,0,80,0.0
8,val,30-39,0,20,0.0
8,val,40-49,0,9,0.0
8,val,50-59,0,1,0.0
9,val,0-9,276,2546,0.10840534171249018
9,val,10-19,32,826,0.0387409200968523
9,val,20-29,0,80,0.0
9,val,30-39,0,20,0.0
9,val,40-49,0,9,0.0
9,val,50-59,0,1,0.0
10,val,0-9,366,2546,0.14375490966221524
10,val,10-19,43,826,0.05205811138014528
10,val,20-29,0,80,0.0
10,val,30-39,0,20,0.0
10,val,40-49,0,9,0.0
10,val,50-59,0,1,0.0
11,val,0-9,493,2546,0.19363707776904948
11,val,10-19,64,826,0.0774818401937046
11,val,20-29,0,80,0.0
11,val,30-39,0,20,0.0
11,val,40-49,0,9,0.0
11,val,50-59,0,1,0.0
12,val,0-9,659,2546,0.2588373919874313
12,val,10-19,75,826,0.09079903147699758
12,val,20-29,0,80,0.0
12,val,30-39,0,20,0.0
12,val,40-49,0,9,0.0
12,val,50-59,0,1,0.0
13,val,0-9,766,2546,0.30086410054988216
13,val,10-19,100,826,0.12106537530266344
13,val,20-29,0,80,0.0
13,val,30-39,0,20,0.0
13,val,40-49,0,9,0.0
13,val,50-59,0,1,0.0
14,val,0-9,885,2546,0.3476040848389631
14,val,10-19,114,826,0.13801452784503632
14,val,20-29,0,80,0.0
14,val,30-39,0,20,0.0
14,val,40-49,0,9,0.0
14,val,50-59,0,1,0.0
15,val,0-9,919,2546,0.3609583660644148
15,val,10-19,121,826,0.14648910411622276
15,val,20-29,0,80,0.0
15,val,30-39,0,20,0.0
15,val,40-49,0,9,0.0
15,val,50-59,0,1,0.0
16,val,0-9,1014,2546,0.3982717989002357
16,val,10-19,132,826,0.15980629539951574
16,val,20-29,0,80,0.0
16,val,30-39,0,20,0.0
16,val,40-49,0,9,0.0
16,val,50-59,0,1,0.0
17,val,0-9,1024,2546,0.40219952867242736
17,val,10-19,155,826,0.18765133171912832
17,val,20-29,0,80,0.0
17,val,30-39,0,20,0.0
17,val,40-49,0,9,0.0
17,val,50-59,0,1,0.0
18,val,0-9,1162,2546,0.45640219952867245
18,val,10-19,161,826,0.19491525423728814
18,val,20-29,0,80,0.0
18,val,30-39,0,20,0.0
18,val,40-49,0,9,0.0
18,val,50-59,0,1,0.0
19,val,0-9,1217,2546,0.47800471327572663
19,val,10-19,176,826,0.21307506053268765
19,val,20-29,0,80,0.0
19,val,30-39,0,20,0.0
19,val,40-49,0,9,0.0
19,val,50-59,0,1,0.0
20,val,0-9,1284,2546,0.5043205027494109
20,val,10-19,179,826,0.21670702179176757
20,val,20-29,0,80,0.0
20,val,30-39,0,20,0.0
20,val,40-49,0,9,0.0
20,val,50-59,0,1,0.0
21,val,0-9,1282,2546,0.5035349567949725
21,val,10-19,169,826,0.2046004842615012
21,val,20-29,0,80,0.0
21,val,30-39,0,20,0.0
21,val,40-49,0,9,0.0
21,val,50-59,0,1,0.0
22,val,0-9,1315,2546,0.516496465043205
22,val,10-19,208,826,0.25181598062953997
22,val,20-29,0,80,0.0
22,val,30-39,0,20,0.0
22,val,40-49,0,9,0.0
22,val,50-59,0,1,0.0
23,val,0-9,1332,2546,0.5231736056559309
23,val,10-19,203,826,0.2457627118644068
23,val,20-29,0,80,0.0
23,val,30-39,0,20,0.0
23,val,40-49,0,9,0.0
23,val,50-59,0,1,0.0
24,val,0-9,1511,2546,0.5934799685781619
24,val,10-19,234,826,0.28329297820823246
24,val,20-29,0,80,0.0
24,val,30-39,0,20,0.0
24,val,40-49,0,9,0.0
24,val,50-59,0,1,0.0
25,val,0-9,1482,2546,0.582089552238806
25,val,10-19,248,826,0.30024213075060535
25,val,20-29,0,80,0.0
25,val,30-39,0,20,0.0
25,val,40-49,0,9,0.0
25,val,50-59,0,1,0.0
26,val,0-9,1653,2546,0.6492537313432836
26,val,10-19,259,826,0.3135593220338983
26,val,20-29,0,80,0.0
26,val,30-39,0,20,0.0
26,val,40-49,0,9,0.0
26,val,50-59,0,1,0.0
27,val,0-9,1716,2546,0.6739984289080911
27,val,10-19,268,826,0.324455205811138
27,val,20-29,0,80,0.0
27,val,30-39,0,20,0.0
27,val,40-49,0,9,0.0
27,val,50-59,0,1,0.0
28,val,0-9,1760,2546,0.6912804399057345
28,val,10-19,285,826,0.3450363196125908
28,val,20-29,0,80,0.0
28,val,30-39,0,20,0.0
28,val,40-49,0,9,0.0
28,val,50-59,0,1,0.0
29,val,0-9,1781,2546,0.699528672427337
29,val,10-19,297,826,0.3595641646489104
29,val,20-29,0,80,0.0
29,val,30-39,0,20,0.0
29,val,40-49,0,9,0.0
29,val,50-59,0,1,0.0
30,val,0-9,1929,2546,0.7576590730557737
30,val,10-19,324,826,0.3922518159806295
30,val,20-29,0,80,0.0
30,val,30-39,0,20,0.0
30,val,40-49,0,9,0.0
30,val,50-59,0,1,0.0
31,val,0-9,1904,2546,0.7478397486252946
31,val,10-19,333,826,0.40314769975786924
31,val,20-29,0,80,0.0
31,val,30-39,0,20,0.0
31,val,40-49,0,9,0.0
31,val,50-59,0,1,0.0
32,val,0-9,1920,2546,0.7541241162608012
32,val,10-19,348,826,0.4213075060532688
32,val,20-29,0,80,0.0
32,val,30-39,0,20,0.0
32,val,40-49,0,9,0.0
32,val,50-59,0,1,0.0
33,val,0-9,2004,2546,0.7871170463472114
33,val,10-19,371,826,0.4491525423728814
33,val,20-29,0,80,0.0
33,val,30-39,0,20,0.0
33,val,40-49,0,9,0.0
33,val,50-59,0,1,0.0
34,val,0-9,2023,2546,0.7945797329143754
34,val,10-19,372,826,0.45036319612590797
34,val,20-29,0,80,0.0
34,val,30-39,0,20,0.0
34,val,40-49,0,9,0.0
34,val,50-59,0,1,0.0
35,val,0-9,2041,2546,0.8016496465043205
35,val,10-19,400,826,0.48426150121065376
35,val,20-29,0,80,0.0
35,val,30-39,0,20,0.0
35,val,40-49,0,9,0.0
35,val,50-59,0,1,0.0
36,val,0-9,2126,2546,0.8350353495679497
36,val,10-19,422,826,0.5108958837772397
36,val,20-29,0,80,0.0
36,val,30-39,0,20,0.0
36,val,40-49,0,9,0.0
36,val,50-59,0,1,0.0
37,val,0-9,2105,2546,0.8267871170463472
37,val,10-19,433,826,0.5242130750605327
37,val,20-29,0,80,0.0
37,val,30-39,0,20,0.0
37,val,40-49,0,9,0.0
37,val,50-59,0,1,0.0
38,val,0-9,2095,2546,0.8228593872741555
38,val,10-19,400,826,0.48426150121065376
38,val,20-29,0,80,0.0
38,val,30-39,0,20,0.0
38,val,40-49,0,9,0.0
38,val,50-59,0,1,0.0
39,val,0-9,2060,2546,0.8091123330714847
39,val,10-19,394,826,0.47699757869249393
39,val,20-29,0,80,0.0
39,val,30-39,0,20,0.0
39,val,40-49,0,9,0.0
39,val,50-59,0,1,0.0
40,val,0-9,2163,2546,0.8495679497250589
40,val,10-19,424,826,0.513317191283293
40,val,20-29,0,80,0.0
40,val,30-39,0,20,0.0
40,val,40-49,0,9,0.0
40,val,50-59,0,1,0.0
41,val,0-9,2185,2546,0.8582089552238806
41,val,10-19,450,826,0.5447941888619855
41,val,20-29,0,80,0.0
41,val,30-39,0,20,0.0
41,val,40-49,0,9,0.0
41,val,50-59,0,1,0.0
42,val,0-9,2202,2546,0.8648860958366065
42,val,10-19,457,826,0.5532687651331719
42,val,20-29,0,80,0.0
42,val,30-39,0,20,0.0
42,val,40-49,0,9,0.0
42,val,50-59,0,1,0.0
43,val,0-9,2198,2546,0.8633150039277298
43,val,10-19,448,826,0.5423728813559322
43,val,20-29,0,80,0.0
43,val,30-39,0,20,0.0
43,val,40-49,0,9,0.0
43,val,50-59,0,1,0.0
44,val,0-9,2195,2546,0.8621366849960723
44,val,10-19,456,826,0.5520581113801453
44,val,20-29,0,80,0.0
44,val,30-39,0,20,0.0
44,val,40-49,0,9,0.0
44,val,50-59,0,1,0.0
45,val,0-9,2232,2546,0.8766692851531814
45,val,10-19,476,826,0.576271186440678
45,val,20-29,0,80,0.0
45,val,30-39,0,20,0.0
45,val,40-49,0,9,0.0
45,val,50-59,0,1,0.0
46,val,0-9,2210,2546,0.8680282796543598
46,val,10-19,472,826,0.5714285714285714
46,val,20-29,0,80,0.0
46,val,30-39,0,20,0.0
46,val,40-49,0,9,0.0
46,val,50-59,0,1,0.0
47,val,0-9,2218,2546,0.8711704634721131
47,val,10-19,471,826,0.5702179176755447
47,val,20-29,0,80,0.0
47,val,30-39,0,20,0.0
47,val,40-49,0,9,0.0
47,val,50-59,0,1,0.0
48,val,0-9,2236,2546,0.8782403770620582
48,val,10-19,486,826,0.5883777239709443
48,val,20-29,0,80,0.0
48,val,30-39,0,20,0.0
48,val,40-49,0,9,0.0
48,val,50-59,0,1,0.0
49,val,0-9,2246,2546,0.8821681068342498
49,val,10-19,485,826,0.5871670702179177
49,val,20-29,0,80,0.0
49,val,30-39,0,20,0.0
49,val,40-49,0,9,0.0
49,val,50-59,0,1,0.0
50,val,0-9,2253,2546,0.884917517674784
50,val,10-19,491,826,0.5944309927360775
50,val,20-29,0,80,0.0
50,val,30-39,0,20,0.0
50,val,40-49,0,9,0.0
50,val,50-59,0,1,0.0
51,val,0-9,2257,2546,0.8864886095836606
51,val,10-19,486,826,0.5883777239709443
51,val,20-29,0,80,0.0
51,val,30-39,0,20,0.0
51,val,40-49,0,9,0.0
51,val,50-59,0,1,0.0
52,val,0-9,2276,2546,0.8939512961508248
52,val,10-19,501,826,0.6065375302663438
52,val,20-29,0,80,0.0
52,val,30-39,0,20,0.0
52,val,40-49,0,9,0.0
52,val,50-59,0,1,0.0
53,val,0-9,2274,2546,0.8931657501963864
53,val,10-19,503,826,0.6089588377723971
53,val,20-29,0,80,0.0
53,val,30-39,0,20,0.0
53,val,40-49,0,9,0.0
53,val,50-59,0,1,0.0
54,val,0-9,2248,2546,0.8829536527886881
54,val,10-19,503,826,0.6089588377723971
54,val,20-29,0,80,0.0
54,val,30-39,0,20,0.0
54,val,40-49,0,9,0.0
54,val,50-59,0,1,0.0
55,val,0-9,2234,2546,0.8774548311076198
55,val,10-19,500,826,0.6053268765133172
55,val,20-29,1,80,0.0125
55,val,30-39,0,20,0.0
55,val,40-49,0,9,0.0
55,val,50-59,0,1,0.0
56,val,0-9,2257,2546,0.8864886095836606
56,val,10-19,501,826,0.6065375302663438
56,val,20-29,1,80,0.0125
56,val,30-39,0,20,0.0
56,val,40-49,0,9,0.0
56,val,50-59,0,1,0.0
57,val,0-9,2298,2546,0.9025923016496465
57,val,10-19,512,826,0.6198547215496368
57,val,20-29,0,80,0.0
57,val,30-39,0,20,0.0
57,val,40-49,0,9,0.0
57,val,50-59,0,1,0.0
58,val,0-9,2268,2546,0.8908091123330715
58,val,10-19,498,826,0.6029055690072639
58,val,20-29,0,80,0.0
58,val,30-39,0,20,0.0
58,val,40-49,0,9,0.0
58,val,50-59,0,1,0.0
59,val,0-9,2295,2546,0.901413982717989
59,val,10-19,514,826,0.6222760290556901
59,val,20-29,1,80,0.0125
59,val,30-39,0,20,0.0
59,val,40-49,0,9,0.0
59,val,50-59,0,1,0.0
60,val,0-9,2290,2546,0.8994501178318932
60,val,10-19,513,826,0.6210653753026635
60,val,20-29,0,80,0.0
60,val,30-39,0,20,0.0
60,val,40-49,0,9,0.0
60,val,50-59,0,1,0.0
61,val,0-9,2293,2546,0.9006284367635506
61,val,10-19,521,826,0.6307506053268765
61,val,20-29,1,80,0.0125
61,val,30-39,0,20,0.0
61,val,40-49,0,9,0.0
61,val,50-59,0,1,0.0
62,val,0-9,2296,2546,0.9018067556952082
62,val,10-19,520,826,0.6295399515738499
62,val,20-29,1,80,0.0125
62,val,30-39,0,20,0.0
62,val,40-49,0,9,0.0
62,val,50-59,0,1,0.0
63,val,0-9,2295,2546,0.901413982717989
63,val,10-19,514,826,0.6222760290556901
63,val,20-29,1,80,0.0125
63,val,30-39,0,20,0.0
63,val,40-49,0,9,0.0
63,val,50-59,0,1,0.0
64,val,0-9,2303,2546,0.9045561665357423
64,val,10-19,511,826,0.6186440677966102
64,val,20-29,1,80,0.0125
64,val,30-39,0,20,0.0
64,val,40-49,0,9,0.0
64,val,50-59,0,1,0.0
65,val,0-9,2283,2546,0.896700706991359
65,val,10-19,517,826,0.62590799031477
65,val,20-29,1,80,0.0125
65,val,30-39,0,20,0.0
65,val,40-49,0,9,0.0
65,val,50-59,0,1,0.0
66,val,0-9,2310,2546,0.9073055773762765
66,val,10-19,519,826,0.6283292978208233
66,val,20-29,1,80,0.0125
66,val,30-39,0,20,0.0
66,val,40-49,0,9,0.0
66,val,50-59,0,1,0.0
67,val,0-9,2309,2546,0.9069128043990573
67,val,10-19,520,826,0.6295399515738499
67,val,20-29,1,80,0.0125
67,val,30-39,0,20,0.0
67,val,40-49,0,9,0.0
67,val,50-59,0,1,0.0
68,val,0-9,2314,2546,0.9088766692851532
68,val,10-19,520,826,0.6295399515738499
68,val,20-29,1,80,0.0125
68,val,30-39,0,20,0.0
68,val,40-49,0,9,0.0
68,val,50-59,0,1,0.0
69,val,0-9,2312,2546,0.9080911233307148
69,val,10-19,532,826,0.6440677966101694
69,val,20-29,0,80,0.0
69,val,30-39,0,20,0.0
69,val,40-49,0,9,0.0
69,val,50-59,0,1,0.0
70,val,0-9,2314,2546,0.9088766692851532
70,val,10-19,531,826,0.6428571428571429
70,val,20-29,0,80,0.0
70,val,30-39,0,20,0.0
70,val,40-49,0,9,0.0
70,val,50-59,0,1,0.0
71,val,0-9,2313,2546,0.908483896307934
71,val,10-19,531,826,0.6428571428571429
71,val,20-29,1,80,0.0125
71,val,30-39,0,20,0.0
71,val,40-49,0,9,0.0
71,val,50-59,0,1,0.0
72,val,0-9,2313,2546,0.908483896307934
72,val,10-19,536,826,0.648910411622276
72,val,20-29,0,80,0.0
72,val,30-39,0,20,0.0
72,val,40-49,0,9,0.0
72,val,50-59,0,1,0.0
73,val,0-9,2319,2546,0.910840534171249
73,val,10-19,544,826,0.6585956416464891
73,val,20-29,1,80,0.0125
73,val,30-39,0,20,0.0
73,val,40-49,0,9,0.0
73,val,50-59,0,1,0.0
74,val,0-9,2315,2546,0.9092694422623724
74,val,10-19,534,826,0.6464891041162227
74,val,20-29,1,80,0.0125
74,val,30-39,0,20,0.0
74,val,40-49,0,9,0.0
74,val,50-59,0,1,0.0
75,val,0-9,2328,2546,0.9143754909662215
75,val,10-19,544,826,0.6585956416464891
75,val,20-29,1,80,0.0125
75,val,30-39,0,20,0.0
75,val,40-49,0,9,0.0
75,val,50-59,0,1,0.0
76,val,0-9,2321,2546,0.9116260801256874
76,val,10-19,537,826,0.6501210653753027
76,val,20-29,2,80,0.025
76,val,30-39,0,20,0.0
76,val,40-49,0,9,0.0
76,val,50-59,0,1,0.0
77,val,0-9,2317,2546,0.9100549882168106
77,val,10-19,542,826,0.6561743341404358
77,val,20-29,0,80,0.0
77,val,30-39,0,20,0.0
77,val,40-49,0,9,0.0
77,val,50-59,0,1,0.0
78,val,0-9,2324,2546,0.9128043990573449
78,val,10-19,542,826,0.6561743341404358
78,val,20-29,1,80,0.0125
78,val,30-39,0,20,0.0
78,val,40-49,0,9,0.0
78,val,50-59,0,1,0.0
79,val,0-9,2323,2546,0.9124116260801257
79,val,10-19,537,826,0.6501210653753027
79,val,20-29,0,80,0.0
79,val,30-39,0,20,0.0
79,val,40-49,0,9,0.0
79,val,50-59,0,1,0.0
80,val,0-9,2323,2546,0.9124116260801257
80,val,10-19,536,826,0.648910411622276
80,val,20-29,1,80,0.0125
80,val,30-39,0,20,0.0
80,val,40-49,0,9,0.0
80,val,50-59,0,1,0.0
81,val,0-9,2325,2546,0.9131971720345641
81,val,10-19,538,826,0.6513317191283293
81,val,20-29,1,80,0.0125
81,val,30-39,0,20,0.0
81,val,40-49,0,9,0.0
81,val,50-59,0,1,0.0
82,val,0-9,2325,2546,0.9131971720345641
82,val,10-19,537,826,0.6501210653753027
82,val,20-29,2,80,0.025
82,val,30-39,0,20,0.0
82,val,40-49,0,9,0.0
82,val,50-59,0,1,0.0
83,val,0-9,2328,2546,0.9143754909662215
83,val,10-19,541,826,0.6549636803874092
83,val,20-29,1,80,0.0125
83,val,30-39,0,20,0.0
83,val,40-49,0,9,0.0
83,val,50-59,0,1,0.0
84,val,0-9,2329,2546,0.9147682639434407
84,val,10-19,544,826,0.6585956416464891
84,val,20-29,2,80,0.025
84,val,30-39,0,20,0.0
84,val,40-49,0,9,0.0
84,val,50-59,0,1,0.0
85,val,0-9,2325,2546,0.9131971720345641
85,val,10-19,539,826,0.652542372881356
85,val,20-29,2,80,0.025
85,val,30-39,0,20,0.0
85,val,40-49,0,9,0.0
85,val,50-59,0,1,0.0
86,val,0-9,2325,2546,0.9131971720345641
86,val,10-19,538,826,0.6513317191283293
86,val,20-29,2,80,0.025
86,val,30-39,0,20,0.0
86,val,40-49,0,9,0.0
86,val,50-59,0,1,0.0
87,val,0-9,2335,2546,0.9171249018067557
87,val,10-19,547,826,0.662227602905569
87,val,20-29,1,80,0.0125
87,val,30-39,0,20,0.0
87,val,40-49,0,9,0.0
87,val,50-59,0,1,0.0
88,val,0-9,2331,2546,0.915553809897879
88,val,10-19,547,826,0.662227602905569
88,val,20-29,1,80,0.0125
88,val,30-39,0,20,0.0
88,val,40-49,0,9,0.0
88,val,50-59,0,1,0.0
89,val,0-9,2330,2546,0.9151610369206599
89,val,10-19,544,826,0.6585956416464891
89,val,20-29,0,80,0.0
89,val,30-39,0,20,0.0
89,val,40-49,0,9,0.0
89,val,50-59,0,1,0.0
90,val,0-9,2336,2546,0.9175176747839748
90,val,10-19,543,826,0.6573849878934624
90,val,20-29,1,80,0.0125
90,val,30-39,0,20,0.0
90,val,40-49,0,9,0.0
90,val,50-59,0,1,0.0
91,val,0-9,2329,2546,0.9147682639434407
91,val,10-19,544,826,0.6585956416464891
91,val,20-29,0,80,0.0
91,val,30-39,0,20,0.0
91,val,40-49,0,9,0.0
91,val,50-59,0,1,0.0
92,val,0-9,2331,2546,0.915553809897879
92,val,10-19,547,826,0.662227602905569
92,val,20-29,0,80,0.0
92,val,30-39,0,20,0.0
92,val,40-49,0,9,0.0
92,val,50-59,0,1,0.0
93,val,0-9,2332,2546,0.9159465828750982
93,val,10-19,548,826,0.6634382566585957
93,val,20-29,1,80,0.0125
93,val,30-39,0,20,0.0
93,val,40-49,0,9,0.0
93,val,50-59,0,1,0.0
94,val,0-9,2328,2546,0.9143754909662215
94,val,10-19,544,826,0.6585956416464891
94,val,20-29,0,80,0.0
94,val,30-39,0,20,0.0
94,val,40-49,0,9,0.0
94,val,50-59,0,1,0.0
95,val,0-9,2329,2546,0.9147682639434407
95,val,10-19,545,826,0.6598062953995157
95,val,20-29,0,80,0.0
95,val,30-39,0,20,0.0
95,val,40-49,0,9,0.0
95,val,50-59,0,1,0.0
96,val,0-9,2331,2546,0.915553809897879
96,val,10-19,547,826,0.662227602905569
96,val,20-29,0,80,0.0
96,val,30-39,0,20,0.0
96,val,40-49,0,9,0.0
96,val,50-59,0,1,0.0
97,val,0-9,2331,2546,0.915553809897879
97,val,10-19,546,826,0.6610169491525424
97,val,20-29,0,80,0.0
97,val,30-39,0,20,0.0
97,val,40-49,0,9,0.0
97,val,50-59,0,1,0.0
98,val,0-9,2332,2546,0.9159465828750982
98,val,10-19,546,826,0.6610169491525424
98,val,20-29,0,80,0.0
98,val,30-39,0,20,0.0
98,val,40-49,0,9,0.0
98,val,50-59,0,1,0.0
99,val,0-9,2331,2546,0.915553809897879
99,val,10-19,546,826,0.6610169491525424
99,val,20-29,0,80,0.0
99,val,30-39,0,20,0.0
99,val,40-49,0,9,0.0
99,val,50-59,0,1,0.0
100,val,0-9,2331,2546,0.915553809897879
100,val,10-19,546,826,0.6610169491525424
100,val,20-29,0,80,0.0
100,val,30-39,0,20,0.0
100,val,40-49,0,9,0.0
100,val,50-59,0,1,0.0
100,test,0-9,2306,2511,0.9183592194344883
100,test,10-19,588,874,0.6727688787185355
100,test,100-109,0,1,0.0
100,test,20-29,2,72,0.027777777777777776
100,test,30-39,0,18,0.0
100,test,40-49,0,5,0.0
100,test,50-59,0,2,0.0
100,test,70-79,0,1,0.0
