saved_at,epoch,batch_idx
2026-05-03T13:13:32,1,0
2026-05-03T13:13:41,2,0
2026-05-03T13:13:49,3,0
2026-05-03T13:13:57,4,0
2026-05-03T13:14:05,5,0
2026-05-03T13:14:13,6,0
2026-05-03T13:14:21,7,0
2026-05-03T13:14:30,8,0
2026-05-03T13:14:38,9,0
2026-05-03T13:14:46,10,0
2026-05-03T13:14:55,11,0
2026-05-03T13:15:03,12,0
2026-05-03T13:15:11,13,0
2026-05-03T13:15:20,14,0
2026-05-03T13:15:28,15,0
2026-05-03T13:15:36,16,0
2026-05-03T13:15:44,17,0
2026-05-03T13:15:52,18,0
2026-05-03T13:16:01,19,0
2026-05-03T13:16:09,20,0
2026-05-03T13:16:17,21,0
2026-05-03T13:16:25,22,0
2026-05-03T13:16:33,23,0
2026-05-03T13:16:42,24,0
2026-05-03T13:16:50,25,0
2026-05-03T13:16:58,26,0
2026-05-03T13:17:06,27,0
2026-05-03T13:17:14,28,0
2026-05-03T13:17:22,29,0
2026-05-03T13:17:30,30,0
2026-05-03T13:17:38,31,0
2026-05-03T13:17:47,32,0
2026-05-03T13:17:55,33,0
2026-05-03T13:18:03,34,0
2026-05-03T13:18:11,35,0
2026-05-03T13:18:19,36,0
2026-05-03T13:18:27,37,0
2026-05-03T13:18:35,38,0
2026-05-03T13:18:43,39,0
2026-05-03T13:18:51,40,0
2026-05-03T13:18:59,41,0
2026-05-03T13:19:07,42,0
2026-05-03T13:19:15,43,0
2026-05-03T13:19:24,44,0
2026-05-03T13:19:32,45,0
2026-05-03T13:19:40,46,0
2026-05-03T13:19:48,47,0
2026-05-03T13:19:56,48,0
2026-05-03T13:20:04,49,0
2026-05-03T13:20:12,50,0
2026-05-03T13:20:20,51,0
2026-05-03T13:20:28,52,0
2026-05-03T13:20:36,53,0
2026-05-03T13:20:44,54,0
2026-05-03T13:20:52,55,0
2026-05-03T13:21:00,56,0
2026-05-03T13:21:08,57,0
2026-05-03T13:21:16,58,0
2026-05-03T13:21:25,59,0
2026-05-03T13:21:33,60,0
2026-05-03T13:21:41,61,0
2026-05-03T13:21:49,62,0
2026-05-03T13:21:57,63,0
2026-05-03T13:22:05,64,0
2026-05-03T13:22:14,65,0
2026-05-03T13:22:22,66,0
2026-05-03T13:22:30,67,0
2026-05-03T13:22:38,68,0
2026-05-03T13:22:47,69,0
2026-05-03T13:22:55,70,0
2026-05-03T13:23:03,71,0
2026-05-03T13:23:12,72,0
2026-05-03T13:23:20,73,0
2026-05-03T13:23:28,74,0
2026-05-03T13:23:36,75,0
2026-05-03T13:23:45,76,0
2026-05-03T13:23:53,77,0
2026-05-03T13:24:01,78,0
2026-05-03T13:24:09,79,0
2026-05-03T13:24:17,80,0
2026-05-03T13:24:25,81,0
2026-05-03T13:24:33,82,0
2026-05-03T13:24:41,83,0
2026-05-03T13:24:50,84,0
2026-05-03T13:24:58,85,0
2026-05-03T13:25:06,86,0
2026-05-03T13:25:14,87,0
2026-05-03T13:25:22,88,0
2026-05-03T13:25:30,89,0
2026-05-03T13:25:38,90,0
2026-05-03T13:25:46,91,0
2026-05-03T13:25:54,92,0
2026-05-03T13:26:02,93,0
2026-05-03T13:26:10,94,0
2026-05-03T13:26:19,95,0
2026-05-03T13:26:27,96,0
2026-05-03T13:26:35,97,0
2026-05-03T13:26:43,98,0
2026-05-03T13:26:51,99,0
2026-05-03T13:26:59,100,0
