group,count,top1_exact_accuracy,target_in_softmax_90_accuracy,avg_source_length
overall,36302,0.6452537050300259,0.9498925679025949,5.06680072723266
0-9,34072,0.6487731861939422,0.961082413712139,4.421196290208969
10-19,1888,0.618114406779661,0.8029661016949152,12.676377118644067
20-29,255,0.4823529411764706,0.7058823529411765,23.55686274509804
30-39,64,0.359375,0.53125,33.75
40-49,11,0.36363636363636365,0.36363636363636365,45.54545454545455
50-59,8,0.25,0.375,51.625
60-69,2,0.0,0.0,66.0
70-79,2,0.0,0.0,75.0
