epoch,finished_at,seconds,train_loss,train_token_accuracy,train_sequence_accuracy,val_loss,val_token_accuracy,val_sequence_accuracy,learning_rate
1,2026-05-03T20:17:07,8.6,3.2317379639043606,0.11122039276636392,0.0,2.8219290825307692,0.1826248518435468,0.0,2.5578180743997194e-05
2,2026-05-03T20:17:16,7.51,2.694839391731032,0.25185778813929766,0.0,2.498532589208149,0.30781305058141395,0.0,3.0295426764456084e-05
3,2026-05-03T20:17:25,7.14,2.4268347073611087,0.3374050868586786,3.6234509747083125e-05,2.258938672820041,0.3890188038568729,0.0,3.8100038986138974e-05
4,2026-05-03T20:17:33,7.17,2.183375938474029,0.4071591626596726,0.0,1.989739113104207,0.4405932664894128,0.0,4.89064820706946e-05
5,2026-05-03T20:17:41,7.12,1.9315820545006848,0.4482814447844318,0.0003261105877237481,1.7060680406550395,0.48457571195182114,0.0005798782255726297,6.259632184876774e-05
6,2026-05-03T20:17:50,7.13,1.700746614686999,0.48122784010879593,0.0017030219581129068,1.461720139543377,0.534388314059647,0.002609452015076834,7.901952330975994e-05
7,2026-05-03T20:17:58,6.88,1.5085298787755836,0.5163355837259378,0.004239437640408726,1.2834945374182507,0.5769933049300061,0.01304726007538417,9.799609492380638e-05
8,2026-05-03T20:18:07,7.04,1.3660471345873173,0.5500469506370715,0.010508007826654106,1.1548541707568216,0.6103725534164077,0.02319512902290519,0.00011931806127487692
9,2026-05-03T20:18:15,7.06,1.251560681748765,0.5778530606958409,0.015363432132763243,1.0546141732536014,0.6359035141109011,0.044360684256306175,0.00014275174238575323
10,2026-05-03T20:18:23,6.96,1.1586233853385766,0.6053232308514255,0.02387854192332778,0.9800701608388082,0.6571419418906365,0.05421861409104088,0.00016804031475442044
11,2026-05-03T20:18:31,7.03,1.090921341928998,0.6251396376706008,0.03166896151895065,0.9301415974181853,0.6718454688150687,0.06668599594085242,0.00019490662603396583
12,2026-05-03T20:18:39,7.01,1.0415275707014162,0.6381036799585539,0.035111239944923545,0.8747041749802238,0.6931159304225262,0.07944331690345027,0.0002230562325082534
13,2026-05-03T20:18:48,7.0,0.9975532340319625,0.6520148299253646,0.04391622581346474,0.8311564703901416,0.7116314828458853,0.10031893302406494,0.00025218062607388833
14,2026-05-03T20:18:56,7.03,0.9607372639477103,0.6647157867469684,0.05315602579897094,0.824201477581325,0.7089086074895089,0.10118875036242389,0.00028196061536208
15,2026-05-03T20:19:04,6.88,0.926193971669915,0.6757937086146324,0.06206971519675339,0.7808562094680961,0.7260146714930967,0.13105247897941433,0.00031206982394469594
16,2026-05-03T20:19:12,6.95,0.8999910395467183,0.6838684086972008,0.06757736067831002,0.7565406039603016,0.7345677034948906,0.13772107857349958,0.0003421782672856105
17,2026-05-03T20:19:21,7.03,0.8735558741044471,0.6918297796558033,0.07598376693963331,0.7278780271112871,0.7453310696095077,0.15105827776167005,0.00037195596923543235
18,2026-05-03T20:19:29,6.97,0.852425969574891,0.6996171094597439,0.08348431045727951,0.7198318848238133,0.7485664862094372,0.1638155987242679,0.00040107657843431644
19,2026-05-03T20:19:37,7.04,0.8272353457202065,0.7081775057878803,0.09156460613087905,0.6878052876719438,0.7594259538072204,0.18411133661930995,0.00042922094498857406
20,2026-05-03T20:19:45,6.93,0.8068838381637192,0.7168309938964171,0.10123922023335025,0.6722267946576188,0.7666655988724093,0.19976804870977094,0.0004560806182221782
21,2026-05-03T20:19:53,6.89,0.7870025896804307,0.7225541146566937,0.10779766649757229,0.6574025728469832,0.7714386392029984,0.1968686575819078,0.0004813612271692443
22,2026-05-03T20:20:01,7.0,0.7689150304747181,0.7288155487558081,0.11631277628813683,0.6425288163802624,0.7744818528365954,0.21571469991301825,0.0005047857067586838
23,2026-05-03T20:20:10,6.97,0.7528955201289115,0.7349150841063998,0.12808899195593884,0.6210277869160883,0.7836755613928308,0.2319512902290519,0.0005260973343333702
24,2026-05-03T20:20:18,6.93,0.7334757089184964,0.741216992892645,0.13511848684687297,0.610900201507491,0.7842842041195502,0.23282110756741084,0.0005450625432248202
25,2026-05-03T20:20:26,7.03,0.7135297049861105,0.7497045347839462,0.14805420682658163,0.5995346947315391,0.7912355447352404,0.2528269063496666,0.0005614734825477672
26,2026-05-03T20:20:34,7.0,0.6985327251743919,0.7543186491168423,0.15548228132473368,0.5983110199912642,0.79107537559663,0.26007538416932446,0.0005751502951603335
27,2026-05-03T20:20:42,6.97,0.6788026129118448,0.7619076529538427,0.16845423581418945,0.5613234521579546,0.8028317903706313,0.2957378950420412,0.0005859430888242942
28,2026-05-03T20:20:50,7.0,0.664408522447124,0.76640439069406,0.17472280600043483,0.5533984544865886,0.8074446615626101,0.29341838213975063,0.000593733578962327
29,2026-05-03T20:20:59,7.19,0.643881949700492,0.7737060242524325,0.19023117617218638,0.5209352278627691,0.8195854822692764,0.33400985792983473,0.000598436385008306
30,2026-05-03T20:21:07,6.99,0.6290990985390897,0.7801172146939304,0.20316689615189507,0.5158329667652326,0.8208348015504373,0.3331400405914758,0.0005999999935243154
31,2026-05-03T20:21:15,6.93,0.610433608066519,0.7856501044246929,0.215341691426915,0.49847958546798815,0.8266649581958548,0.3566251087271673,0.0005996951181448714
32,2026-05-03T20:21:23,6.91,0.5943157086820884,0.7919074910550942,0.22806000434814117,0.49557168432486776,0.8277541083384053,0.356335169614381,0.0005987866990983382
33,2026-05-03T20:21:31,6.94,0.5753066077582817,0.7987477131801771,0.24182911805203275,0.4977622185296594,0.8249671653265849,0.3490866917947231,0.0005972765658197807
34,2026-05-03T20:21:39,7.01,0.564158290532703,0.8024025774280765,0.2557431697949127,0.4770232913680617,0.8340327385719319,0.38445926355465354,0.0005951677595166494
35,2026-05-03T20:21:47,6.98,0.55014437640719,0.8084414007479722,0.26715704036524385,0.4572111558342521,0.8415286542588974,0.4041751232241229,0.0005924645270441936
36,2026-05-03T20:21:56,7.0,0.5391785982716197,0.8121772143701329,0.2735343140807305,0.4511963564350141,0.8438030560271647,0.4038851841113366,0.0005891723123528592
37,2026-05-03T20:22:04,6.94,0.520495265145451,0.8181917528777503,0.28954996738894123,0.44667380354721176,0.8448922061697152,0.3995360974195419,0.0005852977455248981
38,2026-05-03T20:22:12,6.99,0.5092381972561492,0.822473974776175,0.30607290383361113,0.43564748363548794,0.8477432168369798,0.4146129312844303,0.0005808486294222642
39,2026-05-03T20:22:20,7.0,0.49662769508479643,0.8266752473003384,0.3145155446046815,0.4267780785403353,0.8501137200884133,0.4108437228182082,0.0005758339239726883
40,2026-05-03T20:22:28,7.0,0.4839255578629814,0.831435070506905,0.3251684904703239,0.421917193561337,0.8513630393695742,0.42389098289359234,0.0005702637281255756
41,2026-05-03T20:22:36,6.95,0.47050664645594675,0.83555944112552,0.33593013986520764,0.4175710667532251,0.8528045616170676,0.4250507393447376,0.0005641492595140657
42,2026-05-03T20:22:44,7.04,0.4634522788711151,0.8381133938834653,0.3422711790709472,0.4094750627784156,0.8577377710862671,0.42186140910408815,0.0005575028318642129
43,2026-05-03T20:22:52,6.98,0.4516767984461541,0.8421082455032622,0.3525617798391188,0.40367230920088676,0.8603645449594772,0.4465062336909249,0.0005503378301967796
44,2026-05-03T20:23:01,6.95,0.44159090300766785,0.846329755370991,0.36354083629248496,0.39916778173277717,0.8615177627574719,0.44911568570600174,0.000542668683871587
45,2026-05-03T20:23:09,7.04,0.43191999126079333,0.848988942315476,0.36781650844264074,0.3955620757078618,0.860684883236698,0.43229921716439546,0.0005345108375287039
46,2026-05-03T20:23:17,6.94,0.42530236138117705,0.8520893033496851,0.3756793970577578,0.39207625326281015,0.8648813146682898,0.4517251377210786,0.0005258807199849971
47,2026-05-03T20:23:25,7.01,0.41667118825017563,0.8538661421147214,0.38415827233857525,0.3749791851088991,0.8684050357177179,0.4517251377210786,0.000516795711148681
48,2026-05-03T20:23:33,6.96,0.40884394264203144,0.8573833924263765,0.3905355460540619,0.3760103123255305,0.8698785917929334,0.45926355465352275,0.000507274107018495
49,2026-05-03T20:23:41,7.01,0.3995851827789444,0.8595771204688588,0.39640553663308936,0.3736103921808859,0.8709036742800397,0.4537547115105828,0.0004973350828379972
50,2026-05-03T20:23:50,7.15,0.39492518061917853,0.8616939466057927,0.4002101601565331,0.3622565900305291,0.8734984143255278,0.4618730066685996,0.0004869986544791756
51,2026-05-03T20:23:58,7.03,0.38836346837875957,0.8631307979989314,0.4042684252482064,0.35790512486817333,0.8756126469551847,0.47086111916497536,0.00047628563813314595
52,2026-05-03T20:24:06,6.91,0.38015629594449674,0.8662109216895754,0.4156098267990434,0.3610751845493183,0.8738507864304705,0.46767178892432587,0.00046521760838911255
53,2026-05-03T20:24:14,7.01,0.37464064988875717,0.8679634756423333,0.41724037973766215,0.3571100936314181,0.8759650190601275,0.46245288489417224,0.00045381685478601764
54,2026-05-03T20:24:22,6.94,0.369744025704926,0.8694367542538897,0.42133487933908254,0.3514502911391721,0.8768619662363456,0.4653522760220354,0.0004421063369243754
55,2026-05-03T20:24:30,6.99,0.3655208158503319,0.8713066847993265,0.42463221972606713,0.3546377542142655,0.8775346766185091,0.4586836764279501,0.0004301096382286927
56,2026-05-03T20:24:38,7.01,0.35667473439826886,0.8736461217154792,0.4312993695195304,0.3455016794401033,0.8807700932184387,0.4740504494056248,0.00041785091845359046
57,2026-05-03T20:24:46,6.96,0.35489272225063684,0.8737351660271666,0.43271251539966665,0.3479038459406453,0.878719928244226,0.4685416062626848,0.000405354865029273
58,2026-05-03T20:24:55,7.01,0.3465651075443327,0.8766129162821571,0.43463294441626205,0.3476443569029027,0.8797450107313323,0.4720208756161206,0.00039264664334432944
59,2026-05-03T20:25:03,7.02,0.342013988700397,0.8782116664238185,0.4410102181317487,0.3393888928994518,0.8805458564243841,0.465932154247608,0.00037975184606598957
60,2026-05-03T20:25:11,6.93,0.3367273646682621,0.8799277931581588,0.44463366910645696,0.3385230909559107,0.8815709389114905,0.47086111916497536,0.00036669644159989854
61,2026-05-03T20:25:19,7.01,0.3313880747317658,0.8821255686693542,0.44876440321762445,0.334755759671076,0.883941442162924,0.4717309365033343,0.0003535067217932033
62,2026-05-03T20:25:27,6.96,0.3292869302641425,0.8818584357342918,0.44619175302558156,0.33237954128850916,0.8863439792420796,0.47839953609741953,0.0003402092489862721
63,2026-05-03T20:25:35,6.94,0.32425592814447146,0.8839671669337996,0.45351112399449234,0.3321077036655976,0.8848704231668643,0.4804291098869237,0.00032683080251967546
64,2026-05-03T20:25:44,6.98,0.3190370089439122,0.8854890151699127,0.4600695702587144,0.32792323815905466,0.8854470320658615,0.4752102058567701,0.0003133983248041583
65,2026-05-03T20:25:52,6.94,0.31576702326162487,0.8871889520294008,0.46097543300239147,0.3308594964491655,0.8862158439311913,0.4801391707741374,0.00029993886706221
66,2026-05-03T20:26:00,7.06,0.3113464944980515,0.8881036799585539,0.4630770345677223,0.3257897612861779,0.8870166896242432,0.48245868367642797,0.00028647953485050315
67,2026-05-03T20:26:08,7.01,0.3075277966898142,0.8898602813800249,0.46535980868178856,0.32696680397976213,0.8873049940737419,0.4804291098869237,0.00027304743347290845
68,2026-05-03T20:26:16,7.0,0.3050284818242318,0.8904674016869849,0.4703964055366331,0.32996428532720234,0.8866002498638562,0.4795592925485648,0.00025966961339402136
69,2026-05-03T20:26:24,7.0,0.3004547597954931,0.8917544967377402,0.4701427639684035,0.32330803405155184,0.8887144824935131,0.4807190489997101,0.0002463730157631251
70,2026-05-03T20:26:32,7.07,0.29898042260006086,0.8922725727330127,0.47376621494311183,0.3237401034774758,0.8885863471826249,0.4792693534357785,0.00023318441815830212
71,2026-05-03T20:26:41,6.99,0.29610543703253234,0.8930982563504785,0.47354880788462933,0.31951773363702957,0.888618381010347,0.48100898811249637,0.0002201303806599553
72,2026-05-03T20:26:49,7.04,0.2918163005095609,0.8941870254342934,0.4761214580766722,0.3230437513049547,0.8900919370855623,0.48245868367642797,0.0002072371923623406
73,2026-05-03T20:26:57,7.02,0.28824161838884316,0.8960933831981479,0.48224509022392925,0.321724905586164,0.8902521062241727,0.4839083792403595,0.00019453081843083024
74,2026-05-03T20:27:05,6.99,0.2854382295419561,0.8964171806951933,0.4821726212044351,0.31882008293788405,0.8909248166063363,0.4856480139170774,0.0001820368478115244
75,2026-05-03T20:27:13,6.98,0.2843008644249569,0.8971457250635453,0.4871005145300384,0.31758694713594254,0.8906685459845597,0.48680777036822265,0.00016978044169852014
76,2026-05-03T20:27:21,6.93,0.2826481100689824,0.8971254877199799,0.4843829262990072,0.31758468169642007,0.8902841400518948,0.487097709481009,0.00015778628286261396
77,2026-05-03T20:27:30,6.97,0.2770583088181445,0.8989104214224424,0.4873903906080151,0.3190880775567177,0.8910209180895026,0.4853580748042911,0.0001460785259434875
78,2026-05-03T20:27:38,7.05,0.27598035707786334,0.8992220765133485,0.48594101021813174,0.3172131905095148,0.8920139667488868,0.49144679617280373,0.00013468074880547664
79,2026-05-03T20:27:46,6.98,0.27330867791610525,0.900824874123723,0.49496340314515547,0.31664045293572796,0.8924944741647179,0.4911568570600174,0.00012361590505489124
80,2026-05-03T20:27:54,6.99,0.2726352125749923,0.9004403645959816,0.4899268062903109,0.3157012143694744,0.8919498990934427,0.48448825746593216,0.00011290627781450651
81,2026-05-03T20:28:02,7.07,0.2711913945727797,0.9010515323716548,0.4926443945213421,0.31573176665651226,0.8922702373706635,0.48303856190200056,0.00010257343484831915
82,2026-05-03T20:28:11,7.04,0.26903748186384324,0.902091731830913,0.4958692658888325,0.3148477064447942,0.8922702373706635,0.4876775877065816,9.263818512694133e-05
83,2026-05-03T20:28:19,7.1,0.26660546584599054,0.9030955040717535,0.5006884556851946,0.3151888750436484,0.8926866771310504,0.48825746593215424,8.312053692110236e-05
84,2026-05-03T20:28:27,6.97,0.26455778123601514,0.9034435863810772,0.49913037176607,0.31440306140114255,0.8930390492359932,0.4911568570600174,7.403965750765565e-05
85,2026-05-03T20:28:36,6.99,0.26340452769419387,0.9037350041284181,0.49818827451264586,0.31472955016236054,0.8930710830637153,0.48593795302986376,6.541383456923211e-05
86,2026-05-03T20:28:44,7.14,0.2614026624558407,0.9041397509997248,0.5019928980360896,0.31165472932094745,0.8937437934458788,0.4894172223832995,5.726043936528292e-05
87,2026-05-03T20:28:52,7.01,0.2604873566723244,0.9047549662441109,0.5052902384230742,0.3126402605017934,0.8940641317230996,0.48651783125543635,4.9595891748673224e-05
88,2026-05-03T20:29:00,6.98,0.2597606098036149,0.9049249599300597,0.5056163490107979,0.31221001101186674,0.8934554889963802,0.4876775877065816,4.243562709828498e-05
89,2026-05-03T20:29:08,6.97,0.25768631278811377,0.9053823238946362,0.5047104862671208,0.31346383541044365,0.8935195566518244,0.48999710060887214,3.5794065234217133e-05
90,2026-05-03T20:29:16,6.99,0.258538722259394,0.9053337542700794,0.5025726501920429,0.3122178563541386,0.8932312522023257,0.48825746593215424,2.9684581378187385e-05
91,2026-05-03T20:29:24,6.93,0.2562077430661758,0.9064953777907296,0.5068845568519458,0.31324657673131884,0.8928468462696607,0.48680777036822265,2.4119479217615633e-05
92,2026-05-03T20:29:32,7.01,0.2560850702300225,0.9062322923243803,0.5074643090078991,0.31171267507510986,0.8941281993785437,0.4923166135111627,1.910996612763485e-05
93,2026-05-03T20:29:40,6.99,0.25723145067981784,0.9057911182346561,0.5063410392057396,0.3124167812535225,0.8936156581349906,0.4888373441577269,1.4666130600929067e-05
94,2026-05-03T20:29:48,7.07,0.2560632279850529,0.9058680201402043,0.5059062250887746,0.3119841275509535,0.8934234551686581,0.48999710060887214,1.0796921930851673e-05
95,2026-05-03T20:29:57,7.06,0.2541680405908568,0.9064387132287467,0.5043119066599029,0.3119883513945721,0.8939680302399333,0.49173673528559003,7.510132188739892e-06
96,2026-05-03T20:30:05,7.09,0.25492807074147056,0.9061756277623974,0.5051453003840858,0.3117485685045418,0.8940961655508217,0.4923166135111627,4.812380531719589e-06
97,2026-05-03T20:30:13,7.04,0.2558563077978807,0.906090630919423,0.5041669686209146,0.3117576016999644,0.8941281993785437,0.49173673528559003,2.709099872604204e-06
98,2026-05-03T20:30:21,6.99,0.2523127811852722,0.9074546278757265,0.5077541850858758,0.3117508519875628,0.8944165038280424,0.4931864308495216,1.204525938730982e-06
